idd_cus_customer,first_name,last_name,gender,city,segment,d_created,country,d_birth_date,age_years,age_group
100000,Karlis,Upenieks,M,Ventspils,Retail,2020-07-01,LV,1991-11-04,34,25-34
100001,Kristaps,Kalnina,F,Liepaja,Retail,2020-05-18,LV,1954-01-24,71,65+
100002,Anna,Kalnina,M,Riga,Retail,2017-07-27,LV,2000-05-08,25,25-34
100003,Elina,Abele,F,Ventspils,Retail,2022-06-25,LV,1960-04-05,65,65+
100004,Ilze,Ezerina,F,Jurmala,Retail,2016-02-29,LV,1963-12-04,62,55-64
100005,Roberts,Kalejs,F,Liepaja,SME,2022-12-23,LV,1942-11-24,83,65+
100006,Maija,Berzins,F,Ventspils,Retail,2022-07-10,LV,1961-09-03,64,55-64
100007,Kristaps,Kalejs,F,Jelgava,Retail,2020-02-25,LV,1992-10-14,33,25-34
100008,Anna,Kalejs,F,Valmiera,Retail,2019-09-03,LV,1941-01-01,84,65+
100009,Janis,Krastins,F,Ventspils,Retail,2025-01-22,LV,1969-02-07,56,55-64
100010,Elina,Kalejs,M,Ogre,Retail,2015-12-16,LV,1977-04-17,48,45-54
100011,Maija,Kreicbergs,M,Cesis,SME,2020-12-26,LV,1941-10-01,84,65+
100012,Kristaps,Krastins,M,Jelgava,SME,2023-08-19,LV,2003-09-07,22,18-24
100013,Ilze,Ezerina,F,Riga,Retail,2016-04-06,LV,1999-12-21,26,25-34
100014,Liga,Kalejs,F,Riga,SME,2020-04-12,LV,1960-12-18,65,65+
100015,Dace,Sproge,F,Riga,Corporate,2022-11-09,LV,1972-07-08,53,45-54
100016,Elina,Jansons,F,Riga,Retail,2022-09-09,LV,1997-08-19,28,25-34
100017,Ilze,Kalnina,F,Cesis,Retail,2015-08-22,LV,1961-05-26,64,55-64
100018,Kristaps,Krastins,F,Ventspils,Retail,2015-12-20,LV,1988-01-25,37,35-44
100019,Elina,Abele,F,Daugavpils,Retail,2021-04-10,LV,1998-03-23,27,25-34
100020,Karlis,Lacis,M,Ventspils,Retail,2019-11-19,LV,1981-07-11,44,35-44
100021,Maija,Jansons,F,Jurmala,Retail,2016-04-21,LV,1999-05-05,26,25-34
100022,Rihards,Abele,M,Valmiera,Corporate,2016-07-15,LV,1954-04-25,71,65+
100023,Kristaps,Ozolins,M,Liepaja,Retail,2025-06-18,LV,2001-06-04,24,18-24
100024,Karlis,Abele,F,Daugavpils,Retail,2025-02-08,LV,2001-02-13,24,18-24
100025,Aleksandrs,Kalnina,F,Daugavpils,Retail,2023-08-17,LV,1986-02-12,39,35-44
100026,Anna,Kalnina,M,Ventspils,SME,2021-07-17,LV,2001-06-20,24,18-24
100027,Liga,Krastins,M,Daugavpils,Corporate,2022-11-15,LV,1990-05-26,35,35-44
100028,Andris,Kalejs,F,Jurmala,Retail,2024-11-15,LV,1994-01-24,31,25-34
100029,Maija,Eglitis,F,Liepaja,Retail,2024-06-06,LV,2003-08-18,22,18-24
100030,Elina,Ozolins,M,Ogre,Retail,2015-09-12,LV,1942-02-13,83,65+
100031,Dace,Krastins,F,Cesis,Retail,2022-08-26,LV,1990-02-18,35,35-44
100032,Ilze,Sproge,F,Ventspils,Retail,2024-09-22,LV,1946-05-27,79,65+
100033,Andris,Berzins,F,Cesis,Retail,2018-03-15,LV,1960-11-20,65,65+
100034,Janis,Liepa,M,Ogre,Retail,2020-06-20,LV,1978-06-19,47,45-54
100035,Ilze,Lacis,M,Ventspils,Retail,2025-04-17,LV,1957-04-23,68,65+
100036,Elina,Abele,M,Ventspils,Retail,2023-02-03,LV,1943-02-02,82,65+
100037,Liga,Eglitis,F,Liepaja,Retail,2023-07-13,LV,1999-11-08,26,25-34
100038,Laura,Kalejs,F,Cesis,Retail,2017-07-26,LV,1953-05-03,72,65+
100039,Ilze,Kreicbergs,M,Riga,Retail,2016-01-20,LV,1948-04-28,77,65+
100040,Laura,Ezerina,M,Cesis,Retail,2022-08-31,LV,1992-02-13,33,25-34
100041,Anna,Berzins,M,Valmiera,Retail,2016-10-05,LV,1941-05-15,84,65+
100042,Liga,Upenieks,F,Valmiera,Retail,2020-11-04,LV,1999-11-27,26,25-34
100043,Kristaps,Vilsons,M,Ventspils,Retail,2016-06-08,LV,1983-06-06,42,35-44
100044,Karlis,Eglitis,M,Riga,Retail,2023-08-02,LV,1947-06-12,78,65+
100045,Janis,Ezerina,F,Jelgava,Retail,2017-12-08,LV,1986-04-22,39,35-44
100046,Marta,Kreicbergs,F,Ogre,Retail,2015-09-01,LV,1974-05-23,51,45-54
100047,Elina,Ozolins,F,Jurmala,Retail,2019-03-20,LV,1975-11-21,50,45-54
100048,Roberts,Upenieks,M,Riga,SME,2022-06-13,LV,1989-02-20,36,35-44
100049,Marta,Krastins,F,Jurmala,Retail,2022-06-23,LV,1943-11-06,82,65+
100050,Ilze,Kalejs,F,Cesis,Retail,2023-12-01,LV,1941-09-24,84,65+
100051,Andris,Berzins,M,Cesis,Corporate,2023-11-23,LV,1945-04-06,80,65+
100052,Elina,Berzins,F,Jurmala,Retail,2025-05-17,LV,1993-08-13,32,25-34
100053,Karlis,Berzins,M,Ogre,Retail,2017-09-13,LV,1943-05-21,82,65+
100054,Aleksandrs,Ozolins,M,Riga,Retail,2021-03-11,LV,1993-12-18,32,25-34
100055,Karlis,Upenieks,F,Jelgava,Retail,2021-05-05,LV,2002-04-22,23,18-24
100056,Roberts,Abele,F,Ventspils,Retail,2019-10-24,LV,1957-06-27,68,65+
100057,Janis,Vilsons,F,Liepaja,Retail,2021-08-04,LV,1983-01-08,42,35-44
100058,Karlis,Sproge,F,Cesis,SME,2021-12-15,LV,1973-01-26,52,45-54
100059,Dace,Ozolins,F,Valmiera,SME,2020-10-03,LV,2001-06-13,24,18-24
100060,Aleksandrs,Liepa,F,Ogre,Retail,2025-03-04,LV,1953-05-03,72,65+
100061,Marta,Lacis,M,Liepaja,Retail,2015-11-22,LV,1987-04-19,38,35-44
100062,Kristaps,Lacis,M,Jelgava,Retail,2020-09-10,LV,1954-12-11,71,65+
100063,Anna,Vilsons,F,Daugavpils,Corporate,2016-02-14,LV,2001-04-21,24,18-24
100064,Dace,Kalnina,M,Ventspils,Corporate,2020-08-10,LV,1979-08-13,46,45-54
100065,Rihards,Lacis,F,Cesis,Retail,2016-08-10,LV,1992-11-15,33,25-34
100066,Aleksandrs,Kalejs,M,Ventspils,Retail,2024-06-29,LV,1963-03-09,62,55-64
100067,Kristaps,Ozolins,M,Liepaja,Retail,2021-07-30,LV,1965-03-08,60,55-64
100068,Kristaps,Kreicbergs,M,Ventspils,Retail,2019-11-01,LV,1999-12-18,26,25-34
100069,Elina,Vilsons,F,Daugavpils,Retail,2019-04-15,LV,1980-09-09,45,45-54
100070,Aleksandrs,Liepa,M,Liepaja,Retail,2025-04-03,LV,1968-12-19,57,55-64
100071,Janis,Kalnina,F,Cesis,Retail,2017-07-23,LV,1954-07-19,71,65+
100072,Ilze,Abele,M,Riga,Retail,2020-09-02,LV,1984-07-12,41,35-44
100073,Roberts,Upenieks,M,Valmiera,Retail,2016-05-21,LV,2004-04-05,21,18-24
100074,Rihards,Kreicbergs,M,Liepaja,SME,2024-11-30,LV,1948-09-16,77,65+
100075,Roberts,Krastins,M,Daugavpils,Retail,2017-05-28,LV,1940-02-25,85,65+
100076,Marta,Vilsons,M,Liepaja,Retail,2020-12-13,LV,1947-01-28,78,65+
100077,Marta,Kalejs,F,Liepaja,Retail,2020-04-11,LV,2002-02-05,23,18-24
100078,Roberts,Upenieks,F,Cesis,Retail,2021-09-01,LV,1950-11-06,75,65+
100079,Karlis,Kreicbergs,M,Liepaja,Retail,2017-03-12,LV,1947-11-14,78,65+
100080,Janis,Kalnina,M,Valmiera,Retail,2025-02-14,LV,1974-10-03,51,45-54
100081,Laura,Kreicbergs,M,Ventspils,Retail,2016-06-10,LV,1974-07-13,51,45-54
100082,Karlis,Ezerina,M,Cesis,Retail,2020-04-07,LV,1972-10-15,53,45-54
100083,Andris,Upenieks,F,Valmiera,Retail,2024-07-05,LV,1944-09-09,81,65+
100084,Karlis,Jansons,M,Cesis,Retail,2021-05-29,LV,1980-09-28,45,45-54
100085,Anna,Ezerina,F,Valmiera,Retail,2020-08-03,LV,1967-01-22,58,55-64
100086,Maija,Sproge,M,Daugavpils,Retail,2017-03-05,LV,1946-12-04,79,65+
100087,Ilze,Eglitis,F,Valmiera,Retail,2023-12-15,LV,1951-11-18,74,65+
100088,Anna,Abele,M,Jurmala,Retail,2016-08-03,LV,1973-05-25,52,45-54
100089,Elina,Lacis,M,Valmiera,Retail,2022-03-15,LV,1972-11-11,53,45-54
100090,Maija,Kalnina,F,Riga,Retail,2023-08-26,LV,1987-02-10,38,35-44
100091,Maija,Upenieks,M,Riga,Retail,2021-02-26,LV,1962-07-06,63,55-64
100092,Aleksandrs,Sproge,M,Ogre,Retail,2015-04-24,LV,2001-08-01,24,18-24
100093,Janis,Sproge,M,Jurmala,Retail,2021-03-03,LV,1976-12-24,49,45-54
100094,Janis,Krastins,F,Jurmala,Retail,2020-04-03,LV,1983-05-17,42,35-44
100095,Maija,Kreicbergs,M,Ventspils,Retail,2018-01-25,LV,1974-03-17,51,45-54
100096,Andris,Eglitis,M,Jurmala,SME,2018-08-23,LV,2004-02-28,21,18-24
100097,Karlis,Sproge,F,Ventspils,Retail,2020-10-24,LV,1986-11-10,39,35-44
100098,Aleksandrs,Eglitis,F,Ogre,Retail,2023-04-10,LV,1942-11-17,83,65+
100099,Ilze,Ezerina,F,Ogre,Retail,2018-04-08,LV,1940-10-07,85,65+
100100,Maija,Kreicbergs,M,Daugavpils,Retail,2018-11-08,LV,1944-03-12,81,65+
100101,Dace,Upenieks,M,Riga,Retail,2017-05-04,LV,1953-03-18,72,65+
100102,Marta,Ezerina,M,Valmiera,Retail,2017-08-20,LV,1966-09-01,59,55-64
100103,Marta,Kalejs,F,Valmiera,SME,2016-04-24,LV,1948-10-11,77,65+
100104,Anna,Jansons,M,Jelgava,Retail,2020-01-12,LV,1954-08-01,71,65+
100105,Elina,Sproge,M,Cesis,Retail,2016-09-20,LV,1981-02-12,44,35-44
100106,Liga,Ozolins,F,Daugavpils,Retail,2023-08-21,LV,1990-05-08,35,35-44
100107,Liga,Ezerina,F,Jelgava,Retail,2024-03-08,LV,2002-01-08,23,18-24
100108,Marta,Jansons,F,Jelgava,Retail,2023-12-16,LV,1991-10-03,34,25-34
100109,Laura,Kreicbergs,F,Liepaja,Retail,2015-08-23,LV,1943-02-24,82,65+
100110,Kristaps,Krastins,F,Liepaja,Retail,2020-09-23,LV,1962-08-27,63,55-64
100111,Anna,Abele,M,Jelgava,Retail,2017-03-25,LV,1954-02-25,71,65+
100112,Liga,Ozolins,F,Jurmala,SME,2025-02-28,LV,1982-09-25,43,35-44
100113,Marta,Kalnina,M,Cesis,SME,2021-05-29,LV,1968-03-05,57,55-64
100114,Elina,Lacis,M,Daugavpils,Retail,2017-08-16,LV,1975-11-16,50,45-54
100115,Liga,Krastins,F,Jelgava,Retail,2017-10-05,LV,1952-09-06,73,65+
100116,Karlis,Jansons,F,Valmiera,SME,2018-01-28,LV,1971-05-17,54,45-54
100117,Karlis,Kreicbergs,F,Cesis,SME,2017-10-25,LV,1998-10-14,27,25-34
100118,Janis,Jansons,M,Liepaja,Retail,2022-06-12,LV,1967-04-18,58,55-64
100119,Andris,Lacis,F,Valmiera,Retail,2015-09-29,LV,2005-12-23,20,18-24
100120,Janis,Sproge,F,Liepaja,Retail,2021-12-27,LV,1981-04-23,44,35-44
100121,Ilze,Krastins,F,Liepaja,Retail,2021-03-13,LV,1984-05-13,41,35-44
100122,Maija,Ezerina,F,Cesis,Corporate,2019-01-15,LV,2001-11-21,24,18-24
100123,Dace,Upenieks,F,Liepaja,Retail,2022-07-23,LV,1996-06-15,29,25-34
100124,Janis,Ozolins,M,Ogre,SME,2025-05-22,LV,1945-09-15,80,65+
100125,Rihards,Liepa,M,Riga,Retail,2019-11-06,LV,1967-02-08,58,55-64
100126,Liga,Vilsons,M,Ogre,Corporate,2022-08-21,LV,1967-04-03,58,55-64
100127,Laura,Jansons,F,Riga,Retail,2018-12-25,LV,1983-06-01,42,35-44
100128,Aleksandrs,Lacis,F,Liepaja,Retail,2024-02-01,LV,1969-10-18,56,55-64
100129,Marta,Kalnina,F,Daugavpils,Retail,2019-01-26,LV,2001-04-19,24,18-24
100130,Aleksandrs,Kalnina,M,Daugavpils,Retail,2020-04-06,LV,2001-04-01,24,18-24
100131,Rihards,Berzins,F,Riga,Retail,2022-12-24,LV,1940-02-23,85,65+
100132,Elina,Krastins,F,Valmiera,Corporate,2018-04-20,LV,1966-11-02,59,55-64
100133,Janis,Jansons,F,Cesis,Retail,2021-04-04,LV,2001-04-03,24,18-24
100134,Dace,Vilsons,M,Liepaja,SME,2024-09-14,LV,1942-01-28,83,65+
100135,Elina,Kalejs,F,Cesis,SME,2022-06-30,LV,1966-06-03,59,55-64
100136,Kristaps,Lacis,M,Ogre,Retail,2022-11-08,LV,1948-09-08,77,65+
100137,Kristaps,Sproge,F,Daugavpils,Retail,2019-10-17,LV,2001-05-22,24,18-24
100138,Aleksandrs,Eglitis,M,Jurmala,Retail,2021-06-30,LV,1976-08-07,49,45-54
100139,Maija,Ezerina,M,Ogre,Retail,2023-07-22,LV,1990-09-05,35,35-44
100140,Anna,Upenieks,M,Ogre,Retail,2023-12-22,LV,1983-12-19,42,35-44
100141,Maija,Vilsons,F,Riga,Retail,2022-02-14,LV,1963-10-16,62,55-64
100142,Liga,Eglitis,F,Ventspils,Retail,2017-10-03,LV,1998-04-26,27,25-34
100143,Rihards,Krastins,M,Ogre,Retail,2018-05-25,LV,1971-08-26,54,45-54
100144,Karlis,Ezerina,M,Liepaja,Retail,2025-04-15,LV,1991-07-07,34,25-34
100145,Ilze,Eglitis,F,Jelgava,Retail,2017-05-09,LV,2001-02-04,24,18-24
100146,Maija,Ezerina,F,Jelgava,Corporate,2019-04-03,LV,1997-11-14,28,25-34
100147,Andris,Liepa,M,Liepaja,Retail,2015-11-21,LV,1991-06-14,34,25-34
100148,Ilze,Berzins,F,Ventspils,SME,2023-03-06,LV,1951-07-15,74,65+
100149,Rihards,Vilsons,F,Ventspils,Retail,2021-04-25,LV,1978-12-02,47,45-54
100150,Ilze,Krastins,F,Riga,Retail,2024-06-07,LV,1941-11-21,84,65+
100151,Dace,Vilsons,F,Daugavpils,Retail,2016-09-29,LV,1942-11-04,83,65+
100152,Janis,Liepa,M,Cesis,Retail,2023-10-11,LV,1995-01-13,30,25-34
100153,Dace,Jansons,F,Ventspils,Retail,2017-02-13,LV,1998-12-11,27,25-34
100154,Ilze,Jansons,F,Jurmala,Retail,2019-11-07,LV,1941-02-08,84,65+
100155,Elina,Jansons,M,Riga,Retail,2016-06-05,LV,1941-04-07,84,65+
100156,Kristaps,Abele,M,Valmiera,Retail,2017-09-23,LV,1993-09-15,32,25-34
100157,Ilze,Eglitis,F,Riga,Retail,2019-08-23,LV,1940-03-14,85,65+
100158,Dace,Abele,F,Ogre,Retail,2022-08-23,LV,1958-03-09,67,65+
100159,Laura,Berzins,F,Cesis,Retail,2023-09-25,LV,1941-08-08,84,65+
100160,Rihards,Upenieks,F,Valmiera,Retail,2017-07-04,LV,1992-02-15,33,25-34
100161,Elina,Liepa,M,Valmiera,Retail,2022-06-11,LV,1983-09-04,42,35-44
100162,Dace,Krastins,M,Jurmala,Retail,2016-07-23,LV,1971-01-21,54,45-54
100163,Maija,Vilsons,M,Jurmala,Retail,2018-10-11,LV,1971-09-27,54,45-54
100164,Marta,Ezerina,F,Jurmala,SME,2022-09-04,LV,1994-01-03,31,25-34
100165,Aleksandrs,Sproge,F,Riga,Retail,2020-12-12,LV,1995-04-06,30,25-34
100166,Anna,Krastins,F,Cesis,Retail,2015-06-15,LV,1956-07-16,69,65+
100167,Karlis,Eglitis,F,Riga,Retail,2022-01-22,LV,1977-08-07,48,45-54
100168,Dace,Abele,M,Jelgava,Retail,2015-11-27,LV,1963-07-02,62,55-64
100169,Andris,Abele,M,Ogre,Retail,2021-09-29,LV,1950-03-13,75,65+
100170,Anna,Kreicbergs,F,Ogre,Retail,2023-07-17,LV,1955-01-13,70,65+
100171,Rihards,Abele,M,Jurmala,Retail,2021-05-12,LV,1998-05-26,27,25-34
100172,Laura,Upenieks,F,Jelgava,Retail,2019-01-05,LV,1942-08-10,83,65+
100173,Roberts,Kalejs,F,Ventspils,Retail,2021-07-27,LV,1959-07-23,66,65+
100174,Dace,Vilsons,M,Ventspils,Retail,2016-05-22,LV,1998-12-26,27,25-34
100175,Marta,Kalejs,F,Jurmala,Retail,2021-05-18,LV,1975-09-22,50,45-54
100176,Anna,Ezerina,F,Riga,Retail,2018-10-27,LV,1958-12-16,67,65+
100177,Karlis,Vilsons,M,Jurmala,Retail,2015-06-25,LV,2006-03-07,19,18-24
100178,Ilze,Liepa,F,Daugavpils,Retail,2020-06-03,LV,1958-05-07,67,65+
100179,Dace,Vilsons,F,Valmiera,Retail,2016-09-07,LV,1959-01-19,66,65+
100180,Janis,Kalejs,M,Ogre,Retail,2020-09-14,LV,1991-12-18,34,25-34
100181,Laura,Krastins,F,Ventspils,Retail,2017-06-26,LV,1972-01-24,53,45-54
100182,Rihards,Vilsons,M,Liepaja,Retail,2017-05-05,LV,1979-06-02,46,45-54
100183,Aleksandrs,Liepa,F,Ventspils,Retail,2015-08-27,LV,1978-01-19,47,45-54
100184,Marta,Liepa,M,Ogre,Retail,2019-11-18,LV,1940-08-17,85,65+
100185,Liga,Berzins,M,Valmiera,Retail,2023-01-14,LV,1950-09-06,75,65+
100186,Liga,Vilsons,M,Ogre,Retail,2017-05-12,LV,1996-01-17,29,25-34
100187,Andris,Sproge,F,Liepaja,Retail,2022-12-24,LV,1989-02-28,36,35-44
100188,Anna,Kreicbergs,M,Jurmala,Retail,2022-08-19,LV,1962-03-03,63,55-64
100189,Marta,Jansons,M,Jelgava,SME,2025-06-20,LV,1970-10-03,55,55-64
100190,Elina,Kalnina,M,Liepaja,Retail,2015-02-02,LV,1981-11-28,44,35-44
100191,Karlis,Liepa,M,Ogre,Retail,2016-05-07,LV,1946-04-13,79,65+
100192,Aleksandrs,Ozolins,M,Ogre,Retail,2015-04-29,LV,1955-02-19,70,65+
100193,Ilze,Jansons,F,Daugavpils,Corporate,2019-05-10,LV,1999-04-19,26,25-34
100194,Dace,Upenieks,F,Daugavpils,SME,2018-09-02,LV,1941-10-02,84,65+
100195,Dace,Eglitis,F,Cesis,Retail,2017-07-18,LV,1940-10-03,85,65+
100196,Liga,Vilsons,F,Daugavpils,Retail,2024-05-03,LV,1987-07-22,38,35-44
100197,Dace,Kalejs,F,Riga,Retail,2025-05-11,LV,1951-10-19,74,65+
100198,Rihards,Kalnina,F,Jelgava,Retail,2023-12-24,LV,1976-09-11,49,45-54
100199,Aleksandrs,Ozolins,F,Valmiera,Retail,2022-03-15,LV,1971-05-07,54,45-54
100200,Janis,Jansons,M,Liepaja,Retail,2016-11-21,LV,1948-11-23,77,65+
100201,Roberts,Vilsons,F,Ogre,Retail,2019-11-26,LV,1958-06-08,67,65+
100202,Andris,Berzins,M,Cesis,Retail,2019-01-16,LV,1987-05-13,38,35-44
100203,Kristaps,Eglitis,M,Cesis,SME,2020-02-15,LV,1942-03-22,83,65+
100204,Maija,Kalnina,F,Valmiera,Retail,2017-01-27,LV,1959-11-10,66,65+
100205,Andris,Kreicbergs,M,Jelgava,Retail,2015-10-24,LV,1963-08-11,62,55-64
100206,Anna,Ezerina,M,Liepaja,Retail,2019-01-21,LV,1993-02-01,32,25-34
100207,Janis,Berzins,M,Ventspils,Retail,2022-02-21,LV,1972-08-20,53,45-54
100208,Andris,Ozolins,M,Daugavpils,Retail,2022-10-11,LV,1963-10-04,62,55-64
100209,Ilze,Upenieks,F,Jurmala,Retail,2016-01-26,LV,1975-02-18,50,45-54
100210,Liga,Kalnina,F,Cesis,SME,2016-11-19,LV,1977-04-17,48,45-54
100211,Laura,Berzins,F,Daugavpils,Retail,2023-07-03,LV,1964-05-05,61,55-64
100212,Anna,Eglitis,F,Daugavpils,Retail,2025-02-25,LV,1957-06-03,68,65+
100213,Dace,Kreicbergs,F,Riga,Retail,2024-02-13,LV,2005-04-12,20,18-24
100214,Marta,Berzins,F,Jelgava,Retail,2015-04-13,LV,1993-05-06,32,25-34
100215,Ilze,Abele,F,Jurmala,Retail,2023-10-08,LV,1974-08-27,51,45-54
100216,Anna,Kreicbergs,F,Ventspils,Retail,2024-10-13,LV,2000-09-23,25,25-34
100217,Laura,Ezerina,F,Ogre,Retail,2019-02-12,LV,1980-05-20,45,45-54
100218,Karlis,Ozolins,F,Riga,Retail,2017-06-11,LV,1972-11-17,53,45-54
100219,Dace,Upenieks,M,Daugavpils,Retail,2019-12-15,LV,1972-01-22,53,45-54
100220,Andris,Eglitis,F,Daugavpils,Retail,2022-04-21,LV,1953-09-10,72,65+
100221,Andris,Sproge,M,Jurmala,Retail,2015-01-10,LV,1960-11-04,65,65+
100222,Anna,Vilsons,M,Jurmala,Retail,2025-06-17,LV,1987-03-09,38,35-44
100223,Marta,Kalejs,M,Jurmala,Retail,2021-01-01,LV,1959-02-04,66,65+
100224,Karlis,Lacis,M,Daugavpils,Retail,2019-02-03,LV,1947-12-18,78,65+
100225,Dace,Krastins,F,Cesis,Retail,2024-09-15,LV,1946-03-09,79,65+
100226,Laura,Krastins,M,Liepaja,Retail,2022-02-01,LV,2006-05-20,19,18-24
100227,Roberts,Kalejs,F,Daugavpils,Retail,2018-03-09,LV,1956-04-23,69,65+
100228,Andris,Lacis,F,Riga,SME,2016-06-15,LV,1972-06-07,53,45-54
100229,Laura,Kalejs,M,Jelgava,SME,2023-11-27,LV,1987-11-21,38,35-44
100230,Janis,Kalnina,F,Ventspils,Retail,2021-02-18,LV,1998-05-17,27,25-34
100231,Andris,Ozolins,M,Ogre,Retail,2016-02-25,LV,1961-08-09,64,55-64
100232,Laura,Eglitis,M,Ventspils,Retail,2023-12-13,LV,1969-01-03,56,55-64
100233,Elina,Kreicbergs,F,Daugavpils,Retail,2024-04-03,LV,1977-11-14,48,45-54
100234,Liga,Kalnina,F,Riga,Retail,2023-08-19,LV,1990-05-02,35,35-44
100235,Maija,Ozolins,M,Daugavpils,Retail,2023-08-21,LV,1993-01-11,32,25-34
100236,Aleksandrs,Vilsons,F,Jelgava,Retail,2024-06-05,LV,1947-03-21,78,65+
100237,Liga,Abele,F,Cesis,Retail,2015-05-07,LV,1966-05-06,59,55-64
100238,Rihards,Krastins,F,Ogre,Retail,2021-08-23,LV,1966-12-15,59,55-64
100239,Maija,Eglitis,M,Jelgava,Retail,2022-12-31,LV,1960-09-23,65,65+
100240,Ilze,Kalejs,M,Daugavpils,Retail,2015-09-28,LV,1969-07-18,56,55-64
100241,Laura,Berzins,F,Riga,Retail,2021-07-31,LV,1967-01-04,58,55-64
100242,Maija,Sproge,F,Jelgava,Retail,2021-05-08,LV,2003-02-23,22,18-24
100243,Rihards,Eglitis,F,Valmiera,SME,2019-04-26,LV,2000-03-18,25,25-34
100244,Dace,Liepa,F,Riga,Retail,2015-04-11,LV,1987-01-27,38,35-44
100245,Roberts,Upenieks,F,Cesis,Retail,2021-01-27,LV,1958-06-19,67,65+
100246,Elina,Lacis,M,Daugavpils,Retail,2016-02-24,LV,1943-09-05,82,65+
100247,Janis,Ozolins,F,Jurmala,SME,2020-11-12,LV,1974-07-05,51,45-54
100248,Laura,Jansons,M,Ogre,Retail,2019-02-07,LV,2003-01-10,22,18-24
100249,Janis,Vilsons,F,Liepaja,Retail,2016-10-06,LV,1988-06-26,37,35-44
100250,Marta,Abele,M,Jurmala,Retail,2024-11-24,LV,1956-01-12,69,65+
100251,Andris,Vilsons,F,Daugavpils,Retail,2020-08-28,LV,1983-04-22,42,35-44
100252,Laura,Eglitis,M,Valmiera,Retail,2017-04-08,LV,1969-04-22,56,55-64
100253,Aleksandrs,Krastins,F,Jurmala,Retail,2015-10-03,LV,1985-02-12,40,35-44
100254,Laura,Lacis,M,Ogre,Retail,2020-12-29,LV,1945-09-28,80,65+
100255,Anna,Jansons,M,Riga,Retail,2024-04-15,LV,1976-07-20,49,45-54
100256,Roberts,Liepa,M,Valmiera,SME,2020-10-04,LV,1963-12-05,62,55-64
100257,Anna,Kreicbergs,M,Valmiera,Retail,2017-12-23,LV,1985-04-28,40,35-44
100258,Laura,Berzins,M,Jelgava,Retail,2022-11-27,LV,1992-03-26,33,25-34
100259,Elina,Jansons,M,Ogre,Retail,2023-02-21,LV,1999-03-14,26,25-34
100260,Maija,Ozolins,F,Jurmala,Retail,2018-02-06,LV,2002-01-06,23,18-24
100261,Janis,Kalejs,M,Jelgava,SME,2017-04-17,LV,1971-12-11,54,45-54
100262,Elina,Liepa,F,Valmiera,Retail,2016-01-28,LV,1972-07-26,53,45-54
100263,Laura,Berzins,F,Jelgava,Retail,2022-10-14,LV,2006-11-28,19,18-24
100264,Rihards,Sproge,F,Ventspils,Retail,2015-08-18,LV,1957-12-26,68,65+
100265,Maija,Abele,F,Ogre,Retail,2019-12-29,LV,1964-04-09,61,55-64
100266,Rihards,Kalejs,F,Cesis,Retail,2018-06-06,LV,1993-03-26,32,25-34
100267,Janis,Eglitis,M,Riga,Retail,2015-09-30,LV,1997-12-04,28,25-34
100268,Maija,Jansons,M,Valmiera,Retail,2018-05-24,LV,2006-07-28,19,18-24
100269,Aleksandrs,Krastins,M,Ogre,Corporate,2015-09-18,LV,1985-01-28,40,35-44
100270,Roberts,Berzins,F,Cesis,Retail,2020-05-15,LV,1963-08-08,62,55-64
100271,Liga,Upenieks,M,Cesis,Retail,2020-04-10,LV,1971-04-27,54,45-54
100272,Karlis,Kalnina,M,Daugavpils,Retail,2023-10-08,LV,1986-08-12,39,35-44
100273,Ilze,Upenieks,M,Jelgava,Retail,2021-10-10,LV,1962-05-27,63,55-64
100274,Elina,Kreicbergs,M,Cesis,Retail,2024-03-28,LV,2005-04-08,20,18-24
100275,Andris,Upenieks,M,Ventspils,Retail,2023-01-20,LV,1966-01-22,59,55-64
100276,Elina,Sproge,F,Ogre,Retail,2019-04-24,LV,1941-04-13,84,65+
100277,Karlis,Kreicbergs,M,Liepaja,Retail,2015-08-16,LV,1956-06-09,69,65+
100278,Liga,Liepa,F,Liepaja,Retail,2018-04-02,LV,1972-02-25,53,45-54
100279,Kristaps,Abele,F,Valmiera,SME,2019-11-13,LV,1948-05-12,77,65+
100280,Dace,Liepa,F,Jelgava,Retail,2021-01-27,LV,1982-11-17,43,35-44
100281,Aleksandrs,Kalnina,F,Cesis,Retail,2015-10-25,LV,1987-07-22,38,35-44
100282,Rihards,Ozolins,F,Ogre,Retail,2020-08-24,LV,1978-09-11,47,45-54
100283,Laura,Abele,M,Valmiera,Retail,2019-08-25,LV,1981-01-04,44,35-44
100284,Aleksandrs,Upenieks,M,Jurmala,Retail,2017-02-12,LV,1965-05-06,60,55-64
100285,Karlis,Krastins,M,Cesis,Retail,2021-04-05,LV,1989-10-09,36,35-44
100286,Laura,Vilsons,F,Jelgava,Retail,2022-06-08,LV,1964-01-04,61,55-64
100287,Andris,Ozolins,M,Liepaja,Retail,2021-10-21,LV,1963-10-14,62,55-64
100288,Anna,Abele,M,Daugavpils,Retail,2022-06-25,LV,1952-06-24,73,65+
100289,Maija,Abele,F,Ogre,Retail,2021-07-30,LV,1999-06-14,26,25-34
100290,Dace,Kalnina,F,Riga,Retail,2020-10-07,LV,1946-10-17,79,65+
100291,Roberts,Eglitis,F,Valmiera,Retail,2018-03-06,LV,1996-02-13,29,25-34
100292,Roberts,Upenieks,F,Ogre,Retail,2023-06-11,LV,1975-10-07,50,45-54
100293,Karlis,Kalnina,M,Ogre,Retail,2023-06-19,LV,1984-05-02,41,35-44
100294,Aleksandrs,Abele,F,Ventspils,Retail,2021-04-01,LV,1959-12-14,66,65+
100295,Roberts,Berzins,F,Jurmala,Retail,2023-11-01,LV,2004-01-17,21,18-24
100296,Andris,Ozolins,M,Cesis,Retail,2019-07-16,LV,1947-09-22,78,65+
100297,Rihards,Kalnina,M,Cesis,Retail,2016-05-28,LV,1955-12-24,70,65+
100298,Kristaps,Eglitis,F,Jelgava,Retail,2022-03-22,LV,1953-12-22,72,65+
100299,Elina,Lacis,M,Riga,Retail,2016-05-05,LV,1954-04-12,71,65+
100300,Marta,Jansons,F,Riga,Retail,2022-04-29,LV,2005-07-03,20,18-24
100301,Andris,Liepa,F,Jelgava,Retail,2025-04-01,LV,1971-11-11,54,45-54
100302,Laura,Abele,M,Daugavpils,Retail,2018-01-26,LV,2002-10-11,23,18-24
100303,Ilze,Upenieks,M,Cesis,Retail,2024-04-12,LV,1990-11-28,35,35-44
100304,Karlis,Vilsons,F,Daugavpils,Retail,2019-12-31,LV,1964-02-24,61,55-64
100305,Anna,Jansons,F,Ogre,Retail,2020-06-18,LV,1997-05-17,28,25-34
100306,Maija,Kreicbergs,F,Ogre,SME,2016-09-29,LV,2002-05-22,23,18-24
100307,Ilze,Krastins,M,Liepaja,Retail,2016-05-12,LV,2001-07-11,24,18-24
100308,Maija,Krastins,F,Riga,Retail,2020-07-30,LV,1961-07-23,64,55-64
100309,Janis,Ezerina,F,Liepaja,Retail,2020-01-12,LV,1997-05-18,28,25-34
100310,Ilze,Ezerina,F,Jurmala,Retail,2020-03-19,LV,1997-03-07,28,25-34
100311,Marta,Kalejs,F,Jelgava,Retail,2022-08-02,LV,1988-07-22,37,35-44
100312,Aleksandrs,Eglitis,F,Jelgava,Retail,2025-04-02,LV,1991-07-22,34,25-34
100313,Kristaps,Vilsons,M,Ogre,Retail,2022-04-01,LV,1981-12-06,44,35-44
100314,Elina,Lacis,F,Cesis,Retail,2017-11-01,LV,1954-10-19,71,65+
100315,Elina,Lacis,F,Daugavpils,Retail,2022-07-21,LV,1993-05-13,32,25-34
100316,Kristaps,Kalejs,F,Riga,SME,2020-12-24,LV,1999-09-27,26,25-34
100317,Rihards,Eglitis,F,Liepaja,Retail,2022-08-10,LV,1947-01-10,78,65+
100318,Dace,Upenieks,M,Daugavpils,SME,2015-09-21,LV,1992-05-07,33,25-34
100319,Janis,Berzins,M,Liepaja,Retail,2020-12-30,LV,1999-07-26,26,25-34
100320,Maija,Upenieks,M,Jurmala,Retail,2025-06-17,LV,1944-10-20,81,65+
100321,Marta,Liepa,F,Jurmala,Retail,2022-05-26,LV,1945-11-11,80,65+
100322,Roberts,Jansons,F,Daugavpils,Retail,2019-09-03,LV,1986-08-15,39,35-44
100323,Ilze,Ozolins,M,Daugavpils,Retail,2015-12-23,LV,1994-08-22,31,25-34
100324,Janis,Lacis,M,Daugavpils,SME,2016-04-11,LV,1979-04-17,46,45-54
100325,Andris,Krastins,M,Liepaja,SME,2021-11-29,LV,1991-08-26,34,25-34
100326,Karlis,Eglitis,F,Ventspils,Retail,2021-03-07,LV,1955-12-06,70,65+
100327,Ilze,Upenieks,F,Daugavpils,Retail,2023-09-24,LV,1952-11-03,73,65+
100328,Marta,Ozolins,M,Cesis,Retail,2017-09-21,LV,1969-05-17,56,55-64
100329,Anna,Liepa,M,Riga,SME,2015-07-13,LV,1958-11-21,67,65+
100330,Anna,Abele,M,Riga,Retail,2017-06-06,LV,1956-10-11,69,65+
100331,Laura,Kreicbergs,F,Liepaja,Retail,2025-05-03,LV,2002-02-27,23,18-24
100332,Janis,Jansons,F,Daugavpils,Retail,2022-06-15,LV,1958-04-22,67,65+
100333,Aleksandrs,Liepa,F,Ogre,Retail,2015-08-05,LV,1997-05-08,28,25-34
100334,Marta,Liepa,M,Jelgava,Corporate,2017-02-23,LV,1994-04-05,31,25-34
100335,Marta,Upenieks,M,Ventspils,Retail,2016-02-22,LV,2001-01-02,24,18-24
100336,Kristaps,Berzins,F,Cesis,Retail,2019-01-06,LV,1962-04-16,63,55-64
100337,Andris,Kalejs,M,Ogre,Retail,2021-03-26,LV,1948-10-28,77,65+
100338,Aleksandrs,Lacis,F,Jurmala,Retail,2021-02-28,LV,1951-02-15,74,65+
100339,Andris,Kreicbergs,M,Ogre,Retail,2021-07-06,LV,1940-07-21,85,65+
100340,Rihards,Jansons,M,Liepaja,Retail,2024-08-25,LV,1997-10-07,28,25-34
100341,Maija,Abele,M,Ventspils,Retail,2015-07-21,LV,1940-12-23,85,65+
100342,Maija,Abele,M,Valmiera,SME,2025-04-17,LV,1973-07-16,52,45-54
100343,Roberts,Kalnina,F,Valmiera,Retail,2017-08-11,LV,1987-07-08,38,35-44
100344,Laura,Liepa,M,Daugavpils,Retail,2022-08-27,LV,1940-03-21,85,65+
100345,Elina,Eglitis,F,Daugavpils,SME,2021-04-24,LV,1955-12-01,70,65+
100346,Anna,Berzins,F,Liepaja,Retail,2021-04-30,LV,2000-02-25,25,25-34
100347,Karlis,Kreicbergs,F,Daugavpils,Retail,2022-07-21,LV,2003-07-08,22,18-24
100348,Maija,Upenieks,M,Jelgava,Retail,2016-04-22,LV,2002-03-26,23,18-24
100349,Aleksandrs,Abele,F,Ventspils,Retail,2024-10-06,LV,1961-12-17,64,55-64
100350,Marta,Jansons,F,Liepaja,Retail,2017-05-05,LV,2006-08-02,19,18-24
100351,Karlis,Kalnina,F,Riga,SME,2024-01-03,LV,1965-09-08,60,55-64
100352,Liga,Krastins,M,Jurmala,Retail,2021-03-30,LV,1955-02-15,70,65+
100353,Andris,Lacis,M,Liepaja,Retail,2021-10-09,LV,1990-03-26,35,35-44
100354,Maija,Jansons,F,Liepaja,Retail,2020-05-07,LV,1996-08-22,29,25-34
100355,Marta,Berzins,M,Valmiera,Retail,2019-09-28,LV,1968-09-18,57,55-64
100356,Maija,Eglitis,F,Cesis,Retail,2019-04-01,LV,1986-10-11,39,35-44
100357,Anna,Kalnina,F,Cesis,Retail,2016-12-05,LV,2001-08-20,24,18-24
100358,Liga,Krastins,M,Jelgava,Retail,2015-06-11,LV,1955-12-17,70,65+
100359,Ilze,Kalnina,F,Riga,Retail,2018-03-02,LV,1987-07-27,38,35-44
100360,Maija,Kalejs,M,Valmiera,SME,2023-06-28,LV,1978-09-15,47,45-54
100361,Rihards,Kreicbergs,M,Riga,Retail,2023-10-23,LV,1972-03-24,53,45-54
100362,Aleksandrs,Kalnina,F,Jelgava,Retail,2021-08-01,LV,1962-08-15,63,55-64
100363,Maija,Sproge,M,Cesis,Retail,2024-07-22,LV,1949-05-25,76,65+
100364,Elina,Kalejs,M,Liepaja,Retail,2017-01-01,LV,1973-04-27,52,45-54
100365,Karlis,Kalejs,F,Daugavpils,Retail,2019-06-15,LV,1991-11-09,34,25-34
100366,Karlis,Berzins,F,Daugavpils,Retail,2019-06-06,LV,1949-09-16,76,65+
100367,Anna,Sproge,M,Ogre,Retail,2022-08-05,LV,1958-11-08,67,65+
100368,Aleksandrs,Ozolins,M,Jurmala,Retail,2018-08-26,LV,1997-05-15,28,25-34
100369,Liga,Jansons,F,Jelgava,SME,2025-05-30,LV,1940-02-23,85,65+
100370,Rihards,Lacis,M,Jurmala,SME,2019-11-10,LV,1943-05-08,82,65+
100371,Kristaps,Eglitis,M,Jurmala,SME,2023-05-11,LV,1955-05-11,70,65+
100372,Aleksandrs,Vilsons,M,Cesis,Retail,2018-05-28,LV,1963-06-18,62,55-64
100373,Karlis,Jansons,M,Cesis,Retail,2017-02-01,LV,1941-02-05,84,65+
100374,Elina,Kalnina,M,Liepaja,Retail,2017-04-23,LV,1971-03-08,54,45-54
100375,Ilze,Eglitis,M,Valmiera,Retail,2016-04-05,LV,1963-07-23,62,55-64
100376,Anna,Abele,M,Cesis,Retail,2022-09-09,LV,1951-03-23,74,65+
100377,Kristaps,Ozolins,F,Daugavpils,Retail,2017-12-08,LV,1989-04-03,36,35-44
100378,Elina,Abele,F,Jurmala,Retail,2022-07-28,LV,1974-07-14,51,45-54
100379,Liga,Sproge,F,Ogre,Retail,2016-06-29,LV,1972-06-18,53,45-54
100380,Andris,Ezerina,F,Ventspils,Retail,2020-06-08,LV,1972-08-14,53,45-54
100381,Liga,Abele,F,Jelgava,Retail,2020-11-28,LV,2000-01-07,25,25-34
100382,Elina,Upenieks,M,Ogre,Retail,2016-02-08,LV,1990-07-13,35,35-44
100383,Andris,Kreicbergs,M,Daugavpils,Retail,2024-05-10,LV,1982-10-23,43,35-44
100384,Janis,Jansons,M,Cesis,Retail,2024-03-22,LV,1951-01-28,74,65+
100385,Anna,Vilsons,M,Valmiera,Retail,2019-12-10,LV,2006-10-13,19,18-24
100386,Aleksandrs,Upenieks,F,Liepaja,Retail,2020-02-07,LV,2004-08-01,21,18-24
100387,Andris,Ezerina,M,Ventspils,Retail,2017-09-05,LV,1972-06-10,53,45-54
100388,Laura,Berzins,M,Riga,Retail,2017-12-17,LV,1979-07-28,46,45-54
100389,Andris,Vilsons,F,Ogre,Retail,2021-02-24,LV,1982-07-18,43,35-44
100390,Marta,Abele,M,Valmiera,Retail,2023-08-28,LV,1983-12-24,42,35-44
100391,Ilze,Kalnina,M,Riga,SME,2018-10-25,LV,1968-09-26,57,55-64
100392,Marta,Krastins,F,Ventspils,Retail,2017-01-24,LV,1952-10-08,73,65+
100393,Aleksandrs,Ozolins,M,Jelgava,Retail,2018-06-02,LV,1951-08-08,74,65+
100394,Aleksandrs,Lacis,M,Jelgava,Retail,2017-05-12,LV,1985-05-14,40,35-44
100395,Anna,Liepa,M,Jurmala,SME,2019-01-11,LV,1941-08-01,84,65+
100396,Aleksandrs,Vilsons,M,Ventspils,Retail,2023-05-28,LV,1974-07-11,51,45-54
100397,Karlis,Lacis,M,Ventspils,Retail,2015-06-13,LV,1947-11-22,78,65+
100398,Andris,Lacis,F,Riga,Retail,2021-02-20,LV,1965-07-24,60,55-64
100399,Andris,Abele,F,Valmiera,SME,2024-06-04,LV,1973-03-27,52,45-54
100400,Janis,Ozolins,F,Riga,Retail,2024-09-26,LV,1946-08-05,79,65+
100401,Kristaps,Eglitis,F,Liepaja,Retail,2021-04-11,LV,1997-10-18,28,25-34
100402,Aleksandrs,Jansons,F,Jelgava,Retail,2022-12-14,LV,1968-01-13,57,55-64
100403,Marta,Lacis,F,Jelgava,Retail,2024-05-20,LV,1975-10-19,50,45-54
100404,Aleksandrs,Kalejs,M,Jurmala,Retail,2017-03-17,LV,1960-11-01,65,65+
100405,Liga,Ezerina,F,Liepaja,Retail,2025-05-30,LV,1975-02-21,50,45-54
100406,Janis,Kreicbergs,F,Jelgava,Retail,2016-06-19,LV,1949-07-05,76,65+
100407,Karlis,Ozolins,M,Riga,Retail,2016-02-13,LV,1963-08-06,62,55-64
100408,Karlis,Kalnina,M,Liepaja,Retail,2020-04-05,LV,2003-01-09,22,18-24
100409,Maija,Sproge,F,Riga,Corporate,2021-10-10,LV,1988-07-11,37,35-44
100410,Andris,Kalnina,M,Jelgava,Retail,2023-02-22,LV,1975-04-15,50,45-54
100411,Karlis,Ozolins,F,Jelgava,Retail,2023-12-11,LV,1963-06-11,62,55-64
100412,Andris,Kalnina,M,Valmiera,Retail,2021-12-27,LV,1962-07-09,63,55-64
100413,Maija,Lacis,F,Ogre,Retail,2021-12-19,LV,2001-07-09,24,18-24
100414,Elina,Jansons,M,Ogre,Retail,2024-10-12,LV,1976-02-16,49,45-54
100415,Ilze,Kalnina,M,Jurmala,Retail,2016-04-03,LV,1951-01-24,74,65+
100416,Roberts,Vilsons,F,Riga,Retail,2017-02-17,LV,1994-09-02,31,25-34
100417,Rihards,Kalejs,F,Riga,Retail,2020-05-23,LV,1952-06-08,73,65+
100418,Karlis,Kalnina,F,Daugavpils,Retail,2016-04-05,LV,1962-11-03,63,55-64
100419,Kristaps,Kalejs,F,Liepaja,Retail,2022-08-28,LV,1969-11-02,56,55-64
100420,Liga,Krastins,F,Cesis,Retail,2022-12-04,LV,1956-01-08,69,65+
100421,Dace,Abele,M,Ogre,SME,2023-10-20,LV,2001-04-27,24,18-24
100422,Elina,Berzins,F,Jelgava,Retail,2020-11-10,LV,1952-01-20,73,65+
100423,Karlis,Jansons,F,Jurmala,Corporate,2017-03-08,LV,1998-03-08,27,25-34
100424,Andris,Ezerina,M,Cesis,Retail,2024-05-18,LV,1958-03-16,67,65+
100425,Ilze,Lacis,M,Ventspils,SME,2024-12-31,LV,1988-11-04,37,35-44
100426,Maija,Berzins,F,Jurmala,Retail,2018-02-04,LV,1951-10-07,74,65+
100427,Marta,Lacis,M,Ventspils,Retail,2017-03-12,LV,2000-08-23,25,25-34
100428,Rihards,Abele,M,Ventspils,Retail,2022-05-12,LV,1958-05-25,67,65+
100429,Dace,Lacis,F,Ventspils,Retail,2023-07-22,LV,1948-06-06,77,65+
100430,Ilze,Krastins,M,Valmiera,Retail,2015-12-11,LV,1967-10-20,58,55-64
100431,Ilze,Jansons,M,Valmiera,Retail,2017-02-10,LV,1991-12-23,34,25-34
100432,Karlis,Ozolins,F,Valmiera,Retail,2023-10-25,LV,1955-02-25,70,65+
100433,Elina,Ozolins,F,Cesis,Retail,2017-08-08,LV,1951-03-10,74,65+
100434,Laura,Kalejs,M,Jurmala,Retail,2020-03-04,LV,1964-02-19,61,55-64
100435,Dace,Abele,M,Jurmala,Retail,2017-10-20,LV,1991-01-10,34,25-34
100436,Rihards,Kalejs,F,Jelgava,Retail,2017-10-03,LV,1992-10-22,33,25-34
100437,Anna,Krastins,M,Valmiera,Retail,2020-06-27,LV,1962-07-13,63,55-64
100438,Roberts,Kreicbergs,M,Jelgava,Retail,2018-11-02,LV,1955-12-07,70,65+
100439,Anna,Kalnina,M,Liepaja,Retail,2020-11-20,LV,1996-02-19,29,25-34
100440,Laura,Liepa,F,Jelgava,Retail,2023-10-30,LV,1978-12-27,47,45-54
100441,Andris,Kreicbergs,M,Cesis,Retail,2019-11-01,LV,1992-11-08,33,25-34
100442,Andris,Kalnina,M,Ogre,Retail,2016-05-05,LV,1981-02-23,44,35-44
100443,Liga,Jansons,F,Ventspils,Retail,2019-04-07,LV,1997-05-28,28,25-34
100444,Dace,Kalejs,M,Valmiera,Retail,2018-05-04,LV,1978-11-20,47,45-54
100445,Anna,Ezerina,M,Ogre,Retail,2024-05-15,LV,1953-02-26,72,65+
100446,Andris,Jansons,F,Jelgava,Retail,2019-09-02,LV,1944-10-26,81,65+
100447,Laura,Krastins,F,Ventspils,Retail,2017-02-16,LV,1974-01-12,51,45-54
100448,Karlis,Upenieks,F,Jurmala,Retail,2020-02-25,LV,1957-09-14,68,65+
100449,Janis,Upenieks,F,Riga,Retail,2025-06-14,LV,1948-11-12,77,65+
100450,Maija,Upenieks,M,Ventspils,Retail,2024-01-28,LV,1997-02-17,28,25-34
100451,Janis,Krastins,M,Cesis,Retail,2016-08-03,LV,1956-11-11,69,65+
100452,Aleksandrs,Ezerina,F,Cesis,Retail,2023-07-20,LV,1946-01-28,79,65+
100453,Rihards,Lacis,F,Jelgava,Retail,2017-11-13,LV,1985-07-27,40,35-44
100454,Anna,Jansons,M,Liepaja,Retail,2025-01-25,LV,1952-08-04,73,65+
100455,Liga,Kalnina,F,Cesis,Retail,2024-11-17,LV,1979-07-12,46,45-54
100456,Aleksandrs,Krastins,M,Cesis,SME,2017-08-16,LV,1981-11-27,44,35-44
100457,Andris,Upenieks,F,Jelgava,Retail,2017-11-29,LV,1948-08-23,77,65+
100458,Marta,Ezerina,M,Ventspils,SME,2025-04-18,LV,1989-03-14,36,35-44
100459,Kristaps,Abele,F,Liepaja,Retail,2020-09-28,LV,1966-03-24,59,55-64
100460,Marta,Krastins,F,Ogre,Retail,2024-08-03,LV,2005-09-21,20,18-24
100461,Laura,Sproge,M,Riga,Retail,2015-09-13,LV,1944-05-20,81,65+
100462,Dace,Lacis,F,Valmiera,Retail,2015-06-26,LV,1968-09-25,57,55-64
100463,Ilze,Kalnina,M,Jurmala,Retail,2016-05-19,LV,1976-08-15,49,45-54
100464,Maija,Upenieks,M,Cesis,Retail,2015-10-10,LV,1977-07-27,48,45-54
100465,Anna,Eglitis,M,Jelgava,Retail,2024-10-23,LV,1947-12-19,78,65+
100466,Rihards,Ozolins,M,Valmiera,Corporate,2019-07-03,LV,2004-05-11,21,18-24
100467,Liga,Ezerina,M,Jurmala,Retail,2018-08-02,LV,1956-04-27,69,65+
100468,Liga,Ozolins,F,Jurmala,Retail,2024-09-25,LV,1984-02-09,41,35-44
100469,Rihards,Kreicbergs,F,Ogre,Retail,2022-02-01,LV,1943-08-08,82,65+
100470,Laura,Ozolins,M,Ogre,Retail,2015-07-08,LV,1975-08-19,50,45-54
100471,Elina,Kalnina,F,Ogre,Retail,2023-06-22,LV,1970-10-22,55,55-64
100472,Andris,Vilsons,M,Daugavpils,Retail,2024-04-13,LV,1958-07-11,67,65+
100473,Kristaps,Kalejs,F,Daugavpils,SME,2019-12-05,LV,2000-01-16,25,25-34
100474,Roberts,Kalnina,F,Jurmala,Retail,2020-02-21,LV,1993-06-06,32,25-34
100475,Roberts,Lacis,F,Ogre,Retail,2023-03-20,LV,1978-08-07,47,45-54
100476,Roberts,Sproge,F,Cesis,Retail,2019-03-02,LV,1958-06-26,67,65+
100477,Anna,Kalnina,M,Valmiera,Retail,2021-11-28,LV,1978-05-11,47,45-54
100478,Roberts,Krastins,M,Valmiera,Retail,2020-01-23,LV,2006-05-20,19,18-24
100479,Karlis,Ezerina,F,Daugavpils,Retail,2022-09-19,LV,1984-12-09,41,35-44
100480,Janis,Liepa,F,Jurmala,Retail,2016-03-29,LV,1952-09-01,73,65+
100481,Liga,Ezerina,M,Jelgava,Retail,2016-01-08,LV,1997-09-07,28,25-34
100482,Kristaps,Kalejs,F,Ventspils,Retail,2017-09-09,LV,1959-02-08,66,65+
100483,Janis,Eglitis,M,Ventspils,Retail,2022-06-24,LV,2000-12-14,25,25-34
100484,Ilze,Ozolins,M,Daugavpils,Retail,2022-01-26,LV,1978-08-18,47,45-54
100485,Kristaps,Kalejs,M,Jelgava,Retail,2023-03-29,LV,1940-04-23,85,65+
100486,Janis,Ozolins,F,Daugavpils,Retail,2022-11-25,LV,1942-08-21,83,65+
100487,Kristaps,Kreicbergs,M,Ventspils,Retail,2018-06-21,LV,2001-12-16,24,18-24
100488,Ilze,Kalejs,F,Jelgava,Retail,2020-10-14,LV,2002-08-26,23,18-24
100489,Aleksandrs,Upenieks,M,Ogre,Retail,2025-04-27,LV,1964-01-03,61,55-64
100490,Karlis,Lacis,F,Jurmala,Retail,2017-06-11,LV,1995-05-08,30,25-34
100491,Anna,Lacis,F,Valmiera,Retail,2020-04-26,LV,1972-07-23,53,45-54
100492,Anna,Ozolins,F,Liepaja,Retail,2020-06-07,LV,1977-04-10,48,45-54
100493,Laura,Eglitis,M,Jurmala,Retail,2020-11-16,LV,1945-11-19,80,65+
100494,Rihards,Upenieks,M,Ogre,Retail,2021-10-13,LV,1997-06-16,28,25-34
100495,Andris,Berzins,F,Ventspils,Retail,2017-03-23,LV,1983-09-17,42,35-44
100496,Liga,Jansons,F,Ogre,Retail,2021-04-21,LV,1984-06-14,41,35-44
100497,Roberts,Jansons,F,Daugavpils,SME,2023-10-05,LV,1971-12-18,54,45-54
100498,Karlis,Eglitis,M,Jelgava,Retail,2024-07-21,LV,1984-06-12,41,35-44
100499,Marta,Liepa,M,Valmiera,Retail,2016-10-21,LV,2000-12-15,25,25-34
100500,Roberts,Berzins,M,Cesis,Retail,2020-06-05,LV,1986-05-10,39,35-44
100501,Andris,Kreicbergs,M,Daugavpils,Retail,2019-02-11,LV,1960-05-08,65,65+
100502,Liga,Eglitis,F,Jurmala,SME,2022-12-08,LV,1975-02-24,50,45-54
100503,Dace,Upenieks,F,Daugavpils,Retail,2017-01-31,LV,1958-04-11,67,65+
100504,Andris,Jansons,M,Jurmala,SME,2019-07-21,LV,1959-02-24,66,65+
100505,Karlis,Krastins,M,Cesis,SME,2022-08-25,LV,1996-09-25,29,25-34
100506,Janis,Jansons,F,Riga,SME,2019-03-21,LV,1957-12-06,68,65+
100507,Kristaps,Jansons,M,Valmiera,Retail,2017-05-25,LV,1986-04-07,39,35-44
100508,Rihards,Upenieks,M,Liepaja,Retail,2016-08-24,LV,1988-12-16,37,35-44
100509,Rihards,Abele,M,Ogre,Retail,2015-11-11,LV,1953-05-24,72,65+
100510,Marta,Eglitis,M,Riga,Retail,2019-12-09,LV,1954-10-25,71,65+
100511,Karlis,Kalnina,M,Daugavpils,Retail,2021-07-15,LV,1970-09-20,55,55-64
100512,Ilze,Ezerina,M,Ogre,Retail,2025-06-20,LV,1940-05-04,85,65+
100513,Dace,Kreicbergs,F,Riga,Retail,2022-02-11,LV,1993-04-10,32,25-34
100514,Ilze,Jansons,M,Jelgava,Retail,2019-03-23,LV,1942-04-12,83,65+
100515,Anna,Ezerina,M,Jelgava,Retail,2017-09-19,LV,1955-03-10,70,65+
100516,Laura,Lacis,F,Ogre,Retail,2020-07-27,LV,1996-01-23,29,25-34
100517,Anna,Krastins,F,Jurmala,Retail,2024-10-29,LV,1951-09-05,74,65+
100518,Andris,Ozolins,F,Jurmala,Retail,2020-04-27,LV,1955-05-02,70,65+
100519,Roberts,Eglitis,M,Daugavpils,Retail,2018-03-25,LV,1963-01-18,62,55-64
100520,Janis,Sproge,F,Riga,Retail,2017-09-17,LV,1967-05-23,58,55-64
100521,Marta,Upenieks,M,Riga,Retail,2023-06-24,LV,1947-03-21,78,65+
100522,Andris,Abele,M,Ogre,SME,2023-10-04,LV,1975-08-04,50,45-54
100523,Maija,Lacis,M,Ventspils,Retail,2022-12-10,LV,1947-01-19,78,65+
100524,Dace,Eglitis,F,Jelgava,Retail,2023-06-27,LV,1997-05-16,28,25-34
100525,Rihards,Kreicbergs,F,Riga,Retail,2020-04-01,LV,1999-08-15,26,25-34
100526,Dace,Krastins,F,Ogre,Retail,2023-06-18,LV,1989-06-06,36,35-44
100527,Andris,Abele,F,Cesis,Retail,2015-05-25,LV,1967-01-09,58,55-64
100528,Andris,Kreicbergs,F,Liepaja,Retail,2016-07-13,LV,1980-08-04,45,45-54
100529,Karlis,Lacis,M,Cesis,Retail,2021-09-09,LV,2003-02-13,22,18-24
100530,Roberts,Eglitis,M,Valmiera,Retail,2023-08-07,LV,1966-08-03,59,55-64
100531,Anna,Kalnina,M,Daugavpils,Retail,2022-10-12,LV,2002-10-21,23,18-24
100532,Rihards,Lacis,M,Riga,Retail,2019-02-04,LV,1956-11-02,69,65+
100533,Laura,Sproge,F,Valmiera,Corporate,2018-08-29,LV,1972-03-05,53,45-54
100534,Roberts,Kreicbergs,F,Valmiera,SME,2024-12-03,LV,1968-10-10,57,55-64
100535,Kristaps,Abele,M,Ogre,Retail,2021-01-01,LV,1952-02-08,73,65+
100536,Karlis,Abele,F,Riga,Retail,2015-10-30,LV,1985-02-18,40,35-44
100537,Karlis,Ezerina,F,Liepaja,Retail,2015-11-11,LV,1974-07-20,51,45-54
100538,Marta,Kreicbergs,M,Ogre,Retail,2019-10-15,LV,1945-10-26,80,65+
100539,Janis,Vilsons,M,Ogre,Retail,2023-06-03,LV,1986-10-08,39,35-44
100540,Laura,Eglitis,F,Daugavpils,SME,2025-03-01,LV,1964-09-13,61,55-64
100541,Liga,Vilsons,F,Daugavpils,Retail,2023-01-03,LV,2005-08-15,20,18-24
100542,Aleksandrs,Liepa,M,Jelgava,Retail,2019-11-11,LV,1949-05-28,76,65+
100543,Liga,Eglitis,M,Jelgava,Retail,2024-02-17,LV,1995-10-14,30,25-34
100544,Andris,Kreicbergs,M,Jurmala,Corporate,2015-02-20,LV,1969-05-19,56,55-64
100545,Elina,Berzins,F,Ventspils,Retail,2016-10-29,LV,1944-10-02,81,65+
100546,Rihards,Krastins,M,Riga,Retail,2022-05-01,LV,1972-10-24,53,45-54
100547,Elina,Kreicbergs,M,Riga,Retail,2017-04-12,LV,2004-02-25,21,18-24
100548,Karlis,Vilsons,F,Valmiera,Retail,2019-07-02,LV,1957-04-21,68,65+
100549,Roberts,Kalnina,F,Riga,Retail,2021-03-22,LV,1988-04-09,37,35-44
100550,Kristaps,Krastins,F,Riga,SME,2021-11-10,LV,1950-11-03,75,65+
100551,Marta,Kreicbergs,F,Ventspils,Retail,2021-03-23,LV,1965-03-08,60,55-64
100552,Maija,Kreicbergs,F,Jelgava,Retail,2015-10-09,LV,2002-03-18,23,18-24
100553,Elina,Kalnina,M,Jelgava,Retail,2021-10-25,LV,1998-02-06,27,25-34
100554,Marta,Kreicbergs,M,Liepaja,Retail,2015-11-14,LV,1966-01-14,59,55-64
100555,Karlis,Krastins,F,Riga,Retail,2024-09-13,LV,1988-08-23,37,35-44
100556,Janis,Jansons,F,Ventspils,Retail,2024-07-23,LV,1972-10-16,53,45-54
100557,Ilze,Berzins,F,Jelgava,Retail,2018-04-24,LV,1940-05-02,85,65+
100558,Liga,Ozolins,F,Ventspils,Retail,2021-03-02,LV,1960-04-10,65,65+
100559,Kristaps,Berzins,F,Cesis,Retail,2024-05-30,LV,1994-12-10,31,25-34
100560,Rihards,Upenieks,M,Riga,Retail,2019-11-29,LV,1945-12-28,80,65+
100561,Anna,Sproge,M,Liepaja,SME,2016-04-01,LV,1944-08-03,81,65+
100562,Andris,Ezerina,M,Valmiera,Retail,2021-07-28,LV,1942-11-08,83,65+
100563,Marta,Kreicbergs,M,Jelgava,Retail,2023-07-31,LV,1992-05-26,33,25-34
100564,Janis,Jansons,F,Cesis,Retail,2022-08-30,LV,1962-11-19,63,55-64
100565,Maija,Eglitis,M,Ventspils,Retail,2024-05-09,LV,1992-11-26,33,25-34
100566,Aleksandrs,Kreicbergs,F,Daugavpils,Retail,2019-10-05,LV,1976-04-14,49,45-54
100567,Liga,Vilsons,F,Ogre,Retail,2025-05-24,LV,1956-02-18,69,65+
100568,Anna,Lacis,F,Riga,Retail,2017-01-08,LV,1940-04-21,85,65+
100569,Rihards,Jansons,M,Riga,Retail,2017-03-10,LV,1990-03-09,35,35-44
100570,Liga,Kalnina,F,Cesis,Retail,2016-08-23,LV,1984-03-03,41,35-44
100571,Karlis,Jansons,M,Ventspils,Retail,2021-09-13,LV,1943-01-06,82,65+
100572,Aleksandrs,Upenieks,M,Jurmala,Corporate,2021-05-07,LV,2001-05-20,24,18-24
100573,Liga,Kalnina,F,Riga,Retail,2020-10-08,LV,2004-12-27,21,18-24
100574,Laura,Liepa,F,Jurmala,Retail,2024-06-28,LV,1971-10-10,54,45-54
100575,Maija,Ozolins,F,Daugavpils,SME,2021-03-21,LV,1973-08-04,52,45-54
100576,Janis,Kalejs,M,Cesis,SME,2017-06-15,LV,1978-08-23,47,45-54
100577,Andris,Krastins,F,Ventspils,Retail,2018-05-21,LV,1965-05-23,60,55-64
100578,Elina,Jansons,M,Ventspils,Retail,2025-04-01,LV,1973-07-09,52,45-54
100579,Aleksandrs,Krastins,F,Ogre,Retail,2023-08-30,LV,1993-09-18,32,25-34
100580,Rihards,Abele,F,Jelgava,Retail,2021-10-30,LV,1942-08-15,83,65+
100581,Karlis,Vilsons,M,Jelgava,Retail,2023-07-05,LV,1989-02-20,36,35-44
100582,Laura,Kreicbergs,M,Valmiera,Retail,2015-09-08,LV,1951-01-14,74,65+
100583,Anna,Vilsons,M,Liepaja,Retail,2015-10-09,LV,2004-12-11,21,18-24
100584,Roberts,Krastins,M,Cesis,Retail,2015-08-30,LV,1993-10-09,32,25-34
100585,Dace,Berzins,M,Daugavpils,Retail,2017-05-01,LV,1944-01-03,81,65+
100586,Marta,Kalejs,M,Ventspils,Retail,2020-08-31,LV,1996-04-22,29,25-34
100587,Andris,Berzins,F,Ogre,Retail,2023-01-22,LV,1956-10-19,69,65+
100588,Liga,Liepa,F,Jurmala,Retail,2023-11-02,LV,1986-01-25,39,35-44
100589,Elina,Kalejs,M,Cesis,Retail,2022-10-10,LV,1962-11-27,63,55-64
100590,Aleksandrs,Kalejs,F,Valmiera,Corporate,2017-07-14,LV,1953-05-19,72,65+
100591,Liga,Berzins,M,Cesis,Retail,2025-04-25,LV,2005-01-25,20,18-24
100592,Ilze,Kalnina,F,Valmiera,Retail,2023-10-09,LV,1990-03-16,35,35-44
100593,Marta,Upenieks,F,Ventspils,Retail,2017-05-18,LV,1977-09-21,48,45-54
100594,Roberts,Krastins,M,Liepaja,Retail,2020-07-30,LV,2003-08-09,22,18-24
100595,Laura,Berzins,M,Valmiera,SME,2025-06-06,LV,1977-03-19,48,45-54
100596,Rihards,Vilsons,M,Ventspils,Retail,2020-06-02,LV,1989-07-21,36,35-44
100597,Maija,Kalnina,F,Ventspils,Retail,2017-10-06,LV,1969-08-03,56,55-64
100598,Laura,Vilsons,M,Liepaja,Retail,2021-09-07,LV,1990-08-12,35,35-44
100599,Laura,Upenieks,F,Jelgava,Retail,2025-06-27,LV,2002-07-11,23,18-24
100600,Dace,Liepa,M,Cesis,Retail,2020-02-03,LV,1991-06-22,34,25-34
100601,Janis,Kreicbergs,F,Riga,Retail,2025-02-06,LV,1977-02-28,48,45-54
100602,Laura,Upenieks,F,Riga,Retail,2020-09-21,LV,1969-03-11,56,55-64
100603,Liga,Sproge,M,Jurmala,Retail,2023-08-19,LV,1990-07-23,35,35-44
100604,Roberts,Eglitis,F,Jurmala,Retail,2023-09-03,LV,1944-08-10,81,65+
100605,Roberts,Kalnina,F,Riga,SME,2024-01-21,LV,1968-11-13,57,55-64
100606,Maija,Liepa,M,Daugavpils,Retail,2023-05-02,LV,1943-09-02,82,65+
100607,Kristaps,Sproge,F,Riga,Retail,2024-07-29,LV,1949-08-03,76,65+
100608,Maija,Abele,M,Jurmala,Retail,2020-02-06,LV,1995-06-09,30,25-34
100609,Liga,Liepa,M,Ogre,SME,2023-01-29,LV,1956-06-04,69,65+
100610,Rihards,Berzins,M,Jurmala,Retail,2015-04-14,LV,1956-07-28,69,65+
100611,Kristaps,Ezerina,M,Daugavpils,Retail,2021-04-07,LV,1973-09-27,52,45-54
100612,Kristaps,Berzins,F,Cesis,Retail,2020-08-20,LV,1945-01-22,80,65+
100613,Elina,Upenieks,F,Riga,Retail,2016-11-12,LV,1992-09-15,33,25-34
100614,Elina,Eglitis,F,Liepaja,Retail,2022-02-01,LV,2005-07-02,20,18-24
100615,Anna,Liepa,M,Ogre,Retail,2024-12-05,LV,1982-04-17,43,35-44
100616,Aleksandrs,Krastins,F,Ventspils,Retail,2020-03-26,LV,1962-06-20,63,55-64
100617,Aleksandrs,Ozolins,F,Daugavpils,Retail,2015-06-15,LV,1994-08-21,31,25-34
100618,Karlis,Kreicbergs,M,Jurmala,Retail,2025-02-26,LV,1955-08-25,70,65+
100619,Andris,Upenieks,M,Liepaja,Retail,2023-01-28,LV,1947-01-07,78,65+
100620,Janis,Berzins,F,Valmiera,Retail,2019-07-08,LV,1943-05-18,82,65+
100621,Aleksandrs,Eglitis,M,Jelgava,Retail,2024-11-03,LV,1943-03-10,82,65+
100622,Elina,Kreicbergs,M,Riga,Retail,2024-10-29,LV,1995-08-23,30,25-34
100623,Anna,Liepa,M,Jelgava,Retail,2018-11-14,LV,1964-08-04,61,55-64
100624,Laura,Krastins,M,Daugavpils,Retail,2015-11-16,LV,2006-01-21,19,18-24
100625,Anna,Liepa,F,Valmiera,Retail,2024-12-04,LV,2006-10-26,19,18-24
100626,Laura,Kalejs,M,Valmiera,Retail,2023-03-05,LV,1966-04-23,59,55-64
100627,Rihards,Eglitis,M,Valmiera,Retail,2017-11-25,LV,1971-03-10,54,45-54
100628,Rihards,Sproge,M,Ventspils,Retail,2023-12-02,LV,1989-09-01,36,35-44
100629,Kristaps,Berzins,M,Daugavpils,Retail,2021-06-20,LV,2000-09-14,25,25-34
100630,Karlis,Krastins,M,Cesis,Retail,2017-07-07,LV,1990-02-08,35,35-44
100631,Andris,Ozolins,M,Jelgava,Retail,2019-02-13,LV,1958-02-15,67,65+
100632,Maija,Liepa,M,Cesis,Retail,2015-07-16,LV,1960-02-21,65,65+
100633,Janis,Ozolins,M,Liepaja,Retail,2024-09-27,LV,1944-03-16,81,65+
100634,Liga,Liepa,F,Ogre,Retail,2016-11-13,LV,1981-12-10,44,35-44
100635,Kristaps,Berzins,M,Ogre,Retail,2018-03-31,LV,2000-09-23,25,25-34
100636,Maija,Kreicbergs,F,Cesis,SME,2015-04-28,LV,1961-05-14,64,55-64
100637,Aleksandrs,Jansons,M,Riga,SME,2022-07-03,LV,1960-08-16,65,65+
100638,Karlis,Kreicbergs,M,Liepaja,Retail,2020-05-03,LV,1940-04-15,85,65+
100639,Kristaps,Liepa,M,Daugavpils,Retail,2022-02-15,LV,1944-09-05,81,65+
100640,Marta,Vilsons,M,Jurmala,Retail,2017-07-29,LV,1951-07-07,74,65+
100641,Aleksandrs,Ezerina,F,Ogre,Retail,2022-01-10,LV,1985-10-17,40,35-44
100642,Maija,Lacis,M,Jurmala,Retail,2018-06-20,LV,1973-12-05,52,45-54
100643,Janis,Jansons,M,Liepaja,Retail,2021-12-24,LV,1988-02-09,37,35-44
100644,Liga,Sproge,F,Jelgava,Retail,2023-07-16,LV,1984-07-11,41,35-44
100645,Maija,Jansons,F,Ogre,Retail,2025-05-27,LV,1966-09-09,59,55-64
100646,Laura,Ezerina,M,Riga,Retail,2023-01-09,LV,1965-01-10,60,55-64
100647,Rihards,Ozolins,F,Riga,Retail,2016-01-23,LV,1986-12-10,39,35-44
100648,Kristaps,Eglitis,F,Valmiera,Retail,2017-05-08,LV,1995-10-19,30,25-34
100649,Kristaps,Ozolins,F,Ventspils,Retail,2023-10-28,LV,2002-11-16,23,18-24
100650,Liga,Upenieks,M,Liepaja,Retail,2018-07-12,LV,1987-03-15,38,35-44
100651,Roberts,Ozolins,M,Ogre,Retail,2024-07-17,LV,2000-09-16,25,25-34
100652,Janis,Sproge,M,Ventspils,Retail,2020-07-12,LV,1965-06-11,60,55-64
100653,Ilze,Vilsons,F,Liepaja,Corporate,2023-02-20,LV,1975-09-25,50,45-54
100654,Aleksandrs,Kreicbergs,M,Cesis,Retail,2023-12-10,LV,1940-09-13,85,65+
100655,Anna,Kreicbergs,F,Daugavpils,Corporate,2021-05-30,LV,1947-08-11,78,65+
100656,Liga,Lacis,M,Daugavpils,Corporate,2020-05-03,LV,1991-04-23,34,25-34
100657,Janis,Abele,M,Valmiera,Retail,2017-12-12,LV,1986-04-19,39,35-44
100658,Anna,Liepa,F,Valmiera,Retail,2022-10-27,LV,1995-07-08,30,25-34
100659,Janis,Vilsons,M,Daugavpils,Retail,2024-01-26,LV,1953-07-02,72,65+
100660,Janis,Abele,F,Jelgava,SME,2020-10-28,LV,1967-06-24,58,55-64
100661,Maija,Ezerina,F,Ogre,Retail,2024-04-17,LV,1941-08-23,84,65+
100662,Andris,Upenieks,M,Daugavpils,Retail,2021-01-10,LV,1965-07-13,60,55-64
100663,Laura,Berzins,F,Jelgava,Retail,2019-07-01,LV,1953-11-26,72,65+
100664,Janis,Ezerina,M,Ventspils,Retail,2025-05-18,LV,1998-11-05,27,25-34
100665,Andris,Liepa,M,Jelgava,Retail,2023-03-28,LV,1995-08-02,30,25-34
100666,Roberts,Liepa,F,Ventspils,Retail,2018-04-09,LV,1946-03-17,79,65+
100667,Ilze,Kalejs,M,Liepaja,Retail,2019-03-12,LV,1942-10-11,83,65+
100668,Kristaps,Kalejs,F,Jurmala,SME,2019-09-30,LV,1962-02-28,63,55-64
100669,Dace,Kalnina,M,Liepaja,Retail,2024-06-29,LV,1957-08-04,68,65+
100670,Anna,Ezerina,M,Daugavpils,SME,2020-01-29,LV,1977-09-15,48,45-54
100671,Kristaps,Kalnina,M,Ventspils,Retail,2018-10-29,LV,1954-01-24,71,65+
100672,Dace,Ozolins,M,Daugavpils,Retail,2020-01-24,LV,2003-03-14,22,18-24
100673,Ilze,Berzins,M,Ogre,Retail,2019-12-01,LV,1967-11-05,58,55-64
100674,Laura,Jansons,F,Riga,Retail,2018-07-11,LV,1978-02-16,47,45-54
100675,Ilze,Lacis,F,Daugavpils,Retail,2023-04-27,LV,1996-05-11,29,25-34
100676,Anna,Jansons,F,Ogre,Retail,2020-05-24,LV,1956-10-23,69,65+
100677,Rihards,Lacis,F,Jelgava,Retail,2023-03-01,LV,1983-07-21,42,35-44
100678,Anna,Kalejs,F,Liepaja,SME,2020-12-07,LV,1964-02-28,61,55-64
100679,Ilze,Kalejs,F,Jelgava,Corporate,2024-07-14,LV,1956-06-28,69,65+
100680,Dace,Kalejs,M,Riga,Retail,2019-08-27,LV,1952-11-28,73,65+
100681,Liga,Vilsons,M,Ventspils,Retail,2019-11-24,LV,1964-09-13,61,55-64
100682,Janis,Eglitis,F,Ogre,Retail,2017-01-27,LV,1949-06-21,76,65+
100683,Aleksandrs,Lacis,F,Jurmala,Retail,2024-10-03,LV,2006-12-25,19,18-24
100684,Karlis,Ezerina,M,Daugavpils,SME,2024-03-29,LV,1957-08-28,68,65+
100685,Andris,Kalnina,M,Ventspils,Retail,2021-06-17,LV,1973-09-02,52,45-54
100686,Marta,Vilsons,M,Jurmala,Retail,2021-09-17,LV,1947-10-03,78,65+
100687,Karlis,Kreicbergs,F,Cesis,Corporate,2020-11-14,LV,1979-04-21,46,45-54
100688,Kristaps,Jansons,F,Daugavpils,Retail,2017-06-29,LV,1981-11-10,44,35-44
100689,Maija,Upenieks,F,Jelgava,Retail,2019-12-10,LV,1980-04-24,45,45-54
100690,Kristaps,Sproge,M,Liepaja,Retail,2015-09-19,LV,1945-02-14,80,65+
100691,Maija,Liepa,M,Ogre,Retail,2019-11-23,LV,1991-02-25,34,25-34
100692,Dace,Kalnina,F,Riga,Retail,2016-05-06,LV,1965-11-23,60,55-64
100693,Rihards,Abele,F,Riga,Retail,2020-11-22,LV,2003-02-15,22,18-24
100694,Maija,Krastins,M,Jelgava,Retail,2022-07-11,LV,1998-03-23,27,25-34
100695,Anna,Kreicbergs,M,Valmiera,Retail,2019-05-13,LV,1995-05-01,30,25-34
100696,Liga,Ezerina,M,Riga,Retail,2023-02-24,LV,1998-01-11,27,25-34
100697,Aleksandrs,Upenieks,M,Ogre,Retail,2018-08-22,LV,1972-01-10,53,45-54
100698,Aleksandrs,Kalnina,F,Jelgava,Retail,2018-06-09,LV,1992-06-12,33,25-34
100699,Anna,Sproge,M,Ventspils,Retail,2024-02-29,LV,1961-07-05,64,55-64
100700,Liga,Vilsons,M,Riga,Retail,2019-08-12,LV,1960-04-17,65,65+
100701,Laura,Ezerina,M,Jelgava,Retail,2024-07-24,LV,1943-07-19,82,65+
100702,Roberts,Berzins,F,Ogre,Retail,2019-08-15,LV,2001-11-26,24,18-24
100703,Laura,Liepa,F,Daugavpils,Retail,2017-05-02,LV,2001-03-06,24,18-24
100704,Rihards,Kalnina,M,Daugavpils,Retail,2016-11-09,LV,1963-03-03,62,55-64
100705,Karlis,Eglitis,M,Riga,Retail,2025-06-22,LV,1994-10-28,31,25-34
100706,Rihards,Kalejs,M,Liepaja,Retail,2024-12-25,LV,1948-07-20,77,65+
100707,Dace,Kalejs,F,Daugavpils,Retail,2019-01-26,LV,1942-11-08,83,65+
100708,Karlis,Liepa,F,Liepaja,Retail,2019-02-15,LV,1970-08-19,55,55-64
100709,Roberts,Sproge,F,Ventspils,Retail,2015-11-12,LV,1979-03-08,46,45-54
100710,Roberts,Lacis,M,Jelgava,Retail,2024-01-13,LV,1975-08-21,50,45-54
100711,Kristaps,Upenieks,F,Jurmala,Retail,2018-11-03,LV,1963-05-15,62,55-64
100712,Ilze,Vilsons,M,Ogre,Retail,2018-12-17,LV,1945-05-22,80,65+
100713,Kristaps,Kalejs,M,Jelgava,SME,2015-11-23,LV,2005-01-26,20,18-24
100714,Ilze,Kalnina,M,Ogre,Retail,2016-09-14,LV,1943-08-10,82,65+
100715,Rihards,Abele,F,Ventspils,Retail,2022-01-12,LV,1945-11-18,80,65+
100716,Marta,Jansons,M,Cesis,Retail,2020-08-14,LV,1990-03-03,35,35-44
100717,Rihards,Lacis,F,Riga,Retail,2023-01-14,LV,2001-08-12,24,18-24
100718,Maija,Jansons,F,Ogre,Retail,2016-09-16,LV,1996-10-10,29,25-34
100719,Liga,Kreicbergs,M,Ogre,Retail,2017-05-04,LV,2005-11-14,20,18-24
100720,Ilze,Upenieks,M,Liepaja,Retail,2015-02-02,LV,1947-12-09,78,65+
100721,Laura,Ozolins,F,Jelgava,Retail,2024-05-12,LV,1965-08-28,60,55-64
100722,Karlis,Lacis,M,Cesis,Retail,2017-09-08,LV,1990-05-07,35,35-44
100723,Anna,Berzins,F,Valmiera,Retail,2021-12-03,LV,1984-07-28,41,35-44
100724,Kristaps,Liepa,M,Riga,Retail,2023-02-03,LV,1983-08-04,42,35-44
100725,Liga,Kreicbergs,F,Jurmala,Retail,2023-02-14,LV,1944-04-13,81,65+
100726,Dace,Ozolins,F,Valmiera,SME,2018-05-24,LV,1965-10-12,60,55-64
100727,Liga,Vilsons,F,Jelgava,Retail,2019-11-20,LV,1958-10-10,67,65+
100728,Andris,Lacis,F,Riga,SME,2020-06-18,LV,1959-12-10,66,65+
100729,Maija,Eglitis,M,Ogre,Retail,2019-11-09,LV,1951-01-27,74,65+
100730,Andris,Eglitis,M,Jurmala,Retail,2016-01-03,LV,1986-11-13,39,35-44
100731,Marta,Berzins,F,Liepaja,Retail,2016-07-09,LV,1940-05-01,85,65+
100732,Ilze,Upenieks,F,Cesis,Retail,2024-10-07,LV,1953-10-28,72,65+
100733,Marta,Kalejs,M,Liepaja,Retail,2018-12-13,LV,2003-11-25,22,18-24
100734,Dace,Ezerina,M,Ventspils,Retail,2024-02-08,LV,1977-12-02,48,45-54
100735,Laura,Kalnina,M,Riga,Retail,2015-08-20,LV,1976-10-24,49,45-54
100736,Roberts,Kreicbergs,M,Liepaja,SME,2017-12-23,LV,1950-08-27,75,65+
100737,Andris,Krastins,M,Valmiera,Retail,2022-02-09,LV,1942-05-25,83,65+
100738,Aleksandrs,Lacis,M,Liepaja,Retail,2017-12-28,LV,1972-04-20,53,45-54
100739,Andris,Kreicbergs,F,Daugavpils,Retail,2015-08-14,LV,1945-06-08,80,65+
100740,Dace,Lacis,M,Ventspils,Retail,2021-10-02,LV,1989-11-07,36,35-44
100741,Elina,Liepa,M,Jelgava,Retail,2023-06-06,LV,1949-10-09,76,65+
100742,Dace,Lacis,F,Cesis,Retail,2018-03-03,LV,1944-11-25,81,65+
100743,Marta,Liepa,M,Ventspils,SME,2019-12-04,LV,1962-12-25,63,55-64
100744,Liga,Lacis,M,Daugavpils,Retail,2015-08-21,LV,1949-11-22,76,65+
100745,Anna,Eglitis,M,Riga,Retail,2015-02-27,LV,1983-03-21,42,35-44
100746,Kristaps,Eglitis,M,Valmiera,Retail,2020-01-29,LV,1941-02-21,84,65+
100747,Anna,Upenieks,M,Cesis,SME,2024-08-30,LV,1952-11-02,73,65+
100748,Marta,Sproge,F,Cesis,Retail,2025-04-03,LV,1979-05-26,46,45-54
100749,Kristaps,Abele,M,Ventspils,Retail,2016-10-28,LV,1941-08-02,84,65+
100750,Elina,Abele,F,Riga,Retail,2020-09-12,LV,2004-10-12,21,18-24
100751,Aleksandrs,Sproge,F,Ogre,Retail,2019-11-04,LV,2002-12-05,23,18-24
100752,Maija,Kalejs,M,Daugavpils,Retail,2022-09-24,LV,1956-02-10,69,65+
100753,Karlis,Abele,F,Ogre,Retail,2024-03-29,LV,1948-06-24,77,65+
100754,Marta,Upenieks,M,Valmiera,Retail,2023-12-03,LV,1954-07-06,71,65+
100755,Liga,Krastins,F,Riga,Retail,2023-05-28,LV,1963-04-05,62,55-64
100756,Ilze,Krastins,F,Riga,Retail,2017-04-13,LV,1977-09-12,48,45-54
100757,Marta,Kalnina,M,Daugavpils,Retail,2023-07-31,LV,1974-09-17,51,45-54
100758,Marta,Kalnina,M,Jurmala,Retail,2022-12-18,LV,1988-05-27,37,35-44
100759,Andris,Krastins,M,Ogre,Retail,2019-08-23,LV,2001-03-09,24,18-24
100760,Andris,Kreicbergs,M,Liepaja,Retail,2018-04-13,LV,1999-08-26,26,25-34
100761,Kristaps,Ezerina,M,Cesis,Retail,2016-11-30,LV,1989-05-24,36,35-44
100762,Rihards,Jansons,F,Jurmala,Retail,2020-08-16,LV,1948-06-26,77,65+
100763,Rihards,Sproge,F,Liepaja,Retail,2017-10-06,LV,1973-02-15,52,45-54
100764,Janis,Kalnina,F,Daugavpils,SME,2022-10-22,LV,1974-02-05,51,45-54
100765,Dace,Ezerina,F,Cesis,Retail,2019-05-18,LV,1940-04-28,85,65+
100766,Liga,Ezerina,F,Jelgava,Retail,2018-03-03,LV,1979-11-24,46,45-54
100767,Janis,Ozolins,F,Liepaja,Retail,2015-03-29,LV,2003-11-13,22,18-24
100768,Laura,Eglitis,F,Jurmala,Retail,2020-09-25,LV,1961-09-12,64,55-64
100769,Elina,Liepa,M,Liepaja,Retail,2020-01-08,LV,1999-02-26,26,25-34
100770,Rihards,Upenieks,M,Liepaja,Retail,2024-08-29,LV,2003-07-01,22,18-24
100771,Ilze,Krastins,F,Daugavpils,Retail,2018-04-15,LV,1950-05-18,75,65+
100772,Andris,Abele,F,Ogre,Retail,2017-12-26,LV,1953-02-15,72,65+
100773,Aleksandrs,Sproge,M,Jelgava,Retail,2025-05-24,LV,1999-06-22,26,25-34
100774,Roberts,Kreicbergs,M,Daugavpils,Retail,2021-11-24,LV,1969-12-22,56,55-64
100775,Elina,Krastins,M,Valmiera,Retail,2022-04-11,LV,1974-05-19,51,45-54
100776,Roberts,Berzins,M,Daugavpils,Retail,2023-10-07,LV,1976-07-27,49,45-54
100777,Liga,Liepa,F,Cesis,SME,2020-07-30,LV,1944-11-12,81,65+
100778,Liga,Ozolins,M,Jelgava,SME,2016-06-22,LV,1965-02-22,60,55-64
100779,Laura,Ezerina,F,Riga,Retail,2021-10-26,LV,2001-04-16,24,18-24
100780,Roberts,Abele,F,Valmiera,Retail,2016-08-15,LV,1943-01-20,82,65+
100781,Liga,Ozolins,F,Ventspils,Retail,2018-02-22,LV,1981-09-11,44,35-44
100782,Aleksandrs,Eglitis,M,Daugavpils,Retail,2017-05-23,LV,1957-10-08,68,65+
100783,Anna,Krastins,M,Liepaja,Retail,2023-02-14,LV,1979-11-03,46,45-54
100784,Janis,Lacis,F,Ogre,Retail,2020-07-03,LV,1978-11-27,47,45-54
100785,Marta,Eglitis,F,Riga,Retail,2019-03-22,LV,1953-08-23,72,65+
100786,Maija,Upenieks,F,Daugavpils,Retail,2015-02-12,LV,1971-05-21,54,45-54
100787,Roberts,Ezerina,M,Daugavpils,Retail,2019-06-09,LV,1990-07-04,35,35-44
100788,Ilze,Kalejs,F,Jurmala,Retail,2021-07-11,LV,1977-03-02,48,45-54
100789,Elina,Kreicbergs,M,Jurmala,Retail,2019-01-03,LV,1962-01-10,63,55-64
100790,Anna,Ezerina,F,Riga,Retail,2022-08-07,LV,2002-08-04,23,18-24
100791,Roberts,Liepa,F,Jurmala,Corporate,2019-07-18,LV,1954-02-08,71,65+
100792,Anna,Vilsons,F,Liepaja,Retail,2020-08-10,LV,1964-09-05,61,55-64
100793,Rihards,Vilsons,M,Valmiera,Retail,2020-02-20,LV,1956-07-15,69,65+
100794,Anna,Liepa,M,Ventspils,SME,2024-11-28,LV,2005-06-22,20,18-24
100795,Roberts,Berzins,F,Jelgava,Corporate,2024-09-29,LV,1992-12-23,33,25-34
100796,Kristaps,Upenieks,M,Ventspils,Retail,2015-03-13,LV,1990-09-14,35,35-44
100797,Dace,Kreicbergs,F,Ventspils,Retail,2019-06-14,LV,1978-10-24,47,45-54
100798,Ilze,Ozolins,M,Jelgava,Retail,2021-02-12,LV,1990-12-05,35,35-44
100799,Marta,Berzins,M,Jurmala,Retail,2019-01-08,LV,1945-07-21,80,65+
100800,Marta,Jansons,M,Riga,Retail,2016-01-22,LV,2006-02-27,19,18-24
100801,Ilze,Liepa,F,Jelgava,Retail,2017-01-04,LV,1946-08-20,79,65+
100802,Kristaps,Ozolins,M,Cesis,Retail,2022-12-01,LV,1990-07-09,35,35-44
100803,Andris,Vilsons,M,Valmiera,Retail,2020-03-21,LV,1981-01-23,44,35-44
100804,Liga,Kalnina,F,Ogre,Retail,2017-09-19,LV,2003-06-07,22,18-24
100805,Marta,Sproge,F,Jurmala,Retail,2021-11-24,LV,1954-08-15,71,65+
100806,Andris,Kalejs,F,Jelgava,Retail,2023-07-20,LV,1968-04-28,57,55-64
100807,Anna,Vilsons,F,Cesis,Retail,2020-04-16,LV,1972-06-04,53,45-54
100808,Aleksandrs,Kreicbergs,M,Ogre,Retail,2016-12-30,LV,1966-11-12,59,55-64
100809,Elina,Lacis,M,Valmiera,Retail,2020-01-08,LV,1975-09-21,50,45-54
100810,Rihards,Eglitis,M,Valmiera,Retail,2021-04-02,LV,1968-06-02,57,55-64
100811,Janis,Sproge,M,Jurmala,SME,2025-06-16,LV,1977-07-09,48,45-54
100812,Marta,Sproge,M,Jelgava,Retail,2018-10-04,LV,1996-04-04,29,25-34
100813,Ilze,Kalnina,F,Riga,Retail,2018-09-23,LV,1966-08-03,59,55-64
100814,Aleksandrs,Kalejs,M,Valmiera,Retail,2017-04-09,LV,1994-11-07,31,25-34
100815,Roberts,Krastins,M,Riga,Retail,2023-02-19,LV,1972-11-21,53,45-54
100816,Laura,Kalejs,M,Riga,Retail,2017-08-09,LV,2005-10-01,20,18-24
100817,Dace,Jansons,F,Jurmala,Retail,2022-09-28,LV,1949-01-26,76,65+
100818,Ilze,Jansons,F,Ogre,Retail,2025-04-21,LV,1944-06-08,81,65+
100819,Liga,Abele,M,Daugavpils,Retail,2021-05-10,LV,1977-03-26,48,45-54
100820,Laura,Vilsons,F,Ventspils,Retail,2022-01-27,LV,1952-10-07,73,65+
100821,Laura,Vilsons,F,Ventspils,Retail,2024-05-05,LV,1970-02-27,55,55-64
100822,Anna,Vilsons,F,Valmiera,Retail,2023-01-04,LV,1986-09-07,39,35-44
100823,Dace,Abele,F,Daugavpils,SME,2024-02-23,LV,1991-10-07,34,25-34
100824,Elina,Upenieks,F,Ogre,Retail,2018-09-19,LV,1995-04-11,30,25-34
100825,Elina,Berzins,F,Daugavpils,Retail,2019-03-18,LV,1954-03-26,71,65+
100826,Kristaps,Lacis,F,Jurmala,Retail,2025-02-19,LV,1968-10-01,57,55-64
100827,Andris,Lacis,M,Valmiera,Retail,2016-05-23,LV,1947-05-28,78,65+
100828,Maija,Kalejs,M,Riga,Retail,2023-12-10,LV,1944-03-05,81,65+
100829,Laura,Kalnina,F,Valmiera,Retail,2022-08-07,LV,1968-09-09,57,55-64
100830,Kristaps,Kreicbergs,M,Ventspils,Retail,2023-12-26,LV,1986-03-04,39,35-44
100831,Liga,Kalejs,M,Ogre,Retail,2021-02-26,LV,1984-11-28,41,35-44
100832,Andris,Jansons,F,Daugavpils,Retail,2016-04-30,LV,1941-01-05,84,65+
100833,Rihards,Sproge,M,Ogre,Retail,2024-08-06,LV,1966-01-12,59,55-64
100834,Laura,Ozolins,F,Jurmala,Retail,2016-11-28,LV,1975-04-19,50,45-54
100835,Aleksandrs,Ezerina,F,Valmiera,Retail,2016-01-19,LV,1975-06-01,50,45-54
100836,Dace,Eglitis,F,Jelgava,Retail,2024-04-25,LV,1965-03-09,60,55-64
100837,Maija,Abele,M,Valmiera,Retail,2023-08-07,LV,1982-01-05,43,35-44
100838,Roberts,Liepa,M,Riga,Retail,2018-06-10,LV,1966-12-14,59,55-64
100839,Anna,Ozolins,M,Valmiera,Retail,2024-09-28,LV,1959-09-04,66,65+
100840,Dace,Kreicbergs,M,Cesis,Retail,2024-02-17,LV,1950-12-03,75,65+
100841,Kristaps,Vilsons,F,Jurmala,Retail,2017-07-20,LV,1977-08-15,48,45-54
100842,Janis,Jansons,F,Liepaja,SME,2017-10-19,LV,1945-06-17,80,65+
100843,Karlis,Ezerina,M,Jurmala,Retail,2020-07-31,LV,1962-10-04,63,55-64
100844,Maija,Krastins,F,Daugavpils,Retail,2023-11-08,LV,1986-08-17,39,35-44
100845,Maija,Jansons,F,Liepaja,Retail,2022-07-08,LV,1985-04-20,40,35-44
100846,Liga,Jansons,M,Daugavpils,Retail,2016-12-23,LV,1951-01-24,74,65+
100847,Anna,Vilsons,F,Daugavpils,Retail,2018-06-30,LV,1952-11-17,73,65+
100848,Marta,Liepa,M,Riga,Retail,2024-12-02,LV,2001-05-15,24,18-24
100849,Elina,Abele,F,Riga,Retail,2023-04-26,LV,1999-11-01,26,25-34
100850,Elina,Ozolins,M,Ventspils,Retail,2016-07-19,LV,1982-01-16,43,35-44
100851,Rihards,Vilsons,F,Ventspils,Retail,2023-09-07,LV,1944-07-14,81,65+
100852,Janis,Kreicbergs,F,Jelgava,Retail,2022-07-31,LV,1976-11-04,49,45-54
100853,Aleksandrs,Abele,M,Liepaja,SME,2015-12-12,LV,1970-08-23,55,55-64
100854,Liga,Kreicbergs,M,Ogre,Retail,2022-09-18,LV,1948-08-03,77,65+
100855,Aleksandrs,Abele,M,Valmiera,Retail,2017-03-30,LV,1990-02-11,35,35-44
100856,Roberts,Liepa,M,Valmiera,Retail,2023-09-25,LV,1968-10-05,57,55-64
100857,Andris,Eglitis,F,Daugavpils,Retail,2022-01-25,LV,1979-02-05,46,45-54
100858,Dace,Kreicbergs,F,Ventspils,Retail,2022-10-09,LV,1980-05-20,45,45-54
100859,Rihards,Vilsons,M,Daugavpils,Retail,2024-08-05,LV,1950-11-19,75,65+
100860,Rihards,Abele,F,Cesis,Retail,2015-12-25,LV,1962-09-23,63,55-64
100861,Karlis,Lacis,M,Cesis,Retail,2024-07-04,LV,1940-06-13,85,65+
100862,Ilze,Jansons,M,Ogre,Retail,2022-11-13,LV,1985-10-17,40,35-44
100863,Marta,Upenieks,F,Riga,Retail,2020-03-29,LV,1960-05-15,65,65+
100864,Kristaps,Kalejs,F,Riga,Retail,2015-05-16,LV,1975-09-20,50,45-54
100865,Laura,Krastins,M,Ventspils,SME,2021-09-26,LV,1993-07-04,32,25-34
100866,Ilze,Jansons,M,Ventspils,Retail,2019-05-01,LV,1996-12-04,29,25-34
100867,Andris,Berzins,M,Cesis,Retail,2015-01-19,LV,1940-11-21,85,65+
100868,Ilze,Eglitis,F,Riga,Retail,2018-09-15,LV,2002-09-24,23,18-24
100869,Liga,Eglitis,F,Liepaja,SME,2024-11-02,LV,1993-04-14,32,25-34
100870,Laura,Jansons,F,Liepaja,Retail,2016-03-29,LV,1994-08-08,31,25-34
100871,Maija,Krastins,F,Ventspils,Retail,2015-10-09,LV,1979-07-11,46,45-54
100872,Janis,Lacis,M,Daugavpils,Retail,2022-03-17,LV,1954-08-13,71,65+
100873,Elina,Ozolins,M,Riga,Retail,2020-11-10,LV,1960-07-24,65,65+
100874,Roberts,Liepa,M,Liepaja,Retail,2016-02-01,LV,1986-02-11,39,35-44
100875,Aleksandrs,Kreicbergs,M,Riga,Retail,2024-03-16,LV,1992-07-11,33,25-34
100876,Karlis,Vilsons,M,Jurmala,Corporate,2016-01-10,LV,1948-11-09,77,65+
100877,Liga,Eglitis,M,Valmiera,Retail,2016-03-04,LV,1991-06-05,34,25-34
100878,Janis,Jansons,F,Cesis,Retail,2023-01-12,LV,1996-11-16,29,25-34
100879,Maija,Jansons,F,Riga,Retail,2015-07-17,LV,1965-02-03,60,55-64
100880,Kristaps,Liepa,M,Valmiera,Retail,2019-11-19,LV,1980-02-03,45,45-54
100881,Roberts,Lacis,M,Jurmala,SME,2021-12-15,LV,1974-07-04,51,45-54
100882,Liga,Liepa,F,Riga,Retail,2018-01-23,LV,2002-12-24,23,18-24
100883,Maija,Kalnina,F,Ventspils,Retail,2017-04-21,LV,1964-06-26,61,55-64
100884,Karlis,Lacis,F,Valmiera,Retail,2022-02-25,LV,1977-03-18,48,45-54
100885,Elina,Kalnina,F,Riga,Retail,2021-05-15,LV,1941-01-19,84,65+
100886,Rihards,Ozolins,M,Valmiera,Retail,2021-07-04,LV,1946-09-18,79,65+
100887,Elina,Ezerina,M,Jurmala,Retail,2022-08-19,LV,1973-06-22,52,45-54
100888,Liga,Upenieks,M,Riga,Retail,2021-06-03,LV,1956-02-14,69,65+
100889,Elina,Upenieks,M,Riga,SME,2021-05-23,LV,1982-06-28,43,35-44
100890,Janis,Ozolins,M,Riga,Retail,2016-05-13,LV,1998-11-25,27,25-34
100891,Janis,Berzins,F,Ogre,SME,2024-03-05,LV,1990-07-28,35,35-44
100892,Aleksandrs,Ezerina,M,Ventspils,Retail,2017-04-06,LV,1993-12-02,32,25-34
100893,Liga,Lacis,F,Jurmala,Retail,2020-11-30,LV,1963-05-20,62,55-64
100894,Aleksandrs,Ozolins,M,Ogre,Retail,2017-01-07,LV,1964-05-12,61,55-64
100895,Liga,Abele,M,Daugavpils,Retail,2018-01-13,LV,1991-02-19,34,25-34
100896,Rihards,Liepa,M,Ogre,Retail,2024-02-21,LV,1972-09-07,53,45-54
100897,Rihards,Krastins,M,Cesis,Retail,2021-09-08,LV,1988-03-22,37,35-44
100898,Kristaps,Upenieks,M,Cesis,Retail,2023-12-31,LV,1968-08-08,57,55-64
100899,Liga,Lacis,F,Riga,Retail,2017-03-02,LV,2002-02-12,23,18-24
100900,Karlis,Vilsons,F,Ogre,Retail,2018-10-15,LV,1961-09-12,64,55-64
100901,Andris,Abele,F,Daugavpils,Retail,2015-01-22,LV,1965-02-25,60,55-64
100902,Roberts,Kreicbergs,M,Ogre,Retail,2015-05-22,LV,1967-05-19,58,55-64
100903,Anna,Ezerina,M,Ventspils,Retail,2020-01-28,LV,1988-04-26,37,35-44
100904,Laura,Jansons,F,Ventspils,Retail,2022-11-17,LV,1988-07-28,37,35-44
100905,Anna,Ozolins,M,Daugavpils,Retail,2024-04-06,LV,1959-09-25,66,65+
100906,Maija,Krastins,M,Ogre,SME,2022-03-20,LV,2002-10-20,23,18-24
100907,Rihards,Jansons,F,Valmiera,Retail,2024-01-19,LV,2000-11-21,25,25-34
100908,Elina,Lacis,M,Ventspils,Retail,2021-06-14,LV,1988-09-01,37,35-44
100909,Roberts,Eglitis,F,Ventspils,Retail,2018-11-28,LV,1940-10-22,85,65+
100910,Ilze,Berzins,M,Liepaja,Retail,2019-03-18,LV,1952-12-09,73,65+
100911,Andris,Eglitis,F,Ogre,Retail,2022-11-02,LV,1990-01-06,35,35-44
100912,Janis,Berzins,M,Ventspils,Retail,2020-11-20,LV,1995-05-23,30,25-34
100913,Dace,Kalnina,M,Jurmala,SME,2017-08-21,LV,2001-05-11,24,18-24
100914,Marta,Ezerina,F,Ogre,Retail,2019-09-09,LV,1971-06-01,54,45-54
100915,Kristaps,Jansons,M,Cesis,Retail,2018-03-17,LV,1969-03-28,56,55-64
100916,Elina,Berzins,M,Liepaja,Retail,2016-12-02,LV,1968-03-19,57,55-64
100917,Elina,Sproge,F,Ventspils,Retail,2015-07-20,LV,1988-11-13,37,35-44
100918,Karlis,Upenieks,M,Liepaja,Retail,2022-02-18,LV,1984-02-05,41,35-44
100919,Elina,Sproge,F,Cesis,Retail,2025-06-17,LV,1969-12-21,56,55-64
100920,Janis,Ezerina,M,Daugavpils,Retail,2015-04-08,LV,1955-01-03,70,65+
100921,Janis,Sproge,M,Daugavpils,SME,2019-02-04,LV,1979-12-17,46,45-54
100922,Marta,Kalejs,M,Ogre,Retail,2018-07-04,LV,1958-04-13,67,65+
100923,Laura,Upenieks,M,Cesis,Retail,2016-02-23,LV,1957-07-15,68,65+
100924,Liga,Abele,F,Jelgava,Retail,2016-09-18,LV,1940-06-06,85,65+
100925,Ilze,Krastins,M,Jelgava,Retail,2025-02-07,LV,1986-06-10,39,35-44
100926,Roberts,Berzins,F,Ogre,Retail,2015-07-28,LV,2005-12-11,20,18-24
100927,Elina,Berzins,M,Riga,Retail,2022-08-06,LV,1977-10-20,48,45-54
100928,Anna,Abele,M,Liepaja,Retail,2025-03-03,LV,1990-02-02,35,35-44
100929,Aleksandrs,Jansons,M,Liepaja,Retail,2015-10-30,LV,2002-03-06,23,18-24
100930,Karlis,Jansons,M,Daugavpils,Retail,2019-03-01,LV,1943-10-02,82,65+
100931,Karlis,Ezerina,F,Jelgava,SME,2015-10-02,LV,1940-11-03,85,65+
100932,Laura,Sproge,F,Ventspils,Retail,2021-11-04,LV,1947-05-15,78,65+
100933,Anna,Ezerina,F,Ventspils,SME,2022-06-20,LV,1968-11-14,57,55-64
100934,Maija,Abele,F,Ventspils,Corporate,2018-12-27,LV,1994-08-20,31,25-34
100935,Anna,Ezerina,M,Daugavpils,Retail,2024-03-07,LV,1942-08-14,83,65+
100936,Andris,Lacis,F,Cesis,Retail,2018-09-12,LV,1971-05-07,54,45-54
100937,Maija,Upenieks,F,Valmiera,Retail,2015-12-17,LV,1949-09-04,76,65+
100938,Dace,Sproge,M,Jelgava,Retail,2017-05-20,LV,1973-06-14,52,45-54
100939,Rihards,Eglitis,M,Jelgava,Retail,2023-07-29,LV,1994-02-10,31,25-34
100940,Aleksandrs,Kalejs,M,Liepaja,Retail,2019-12-03,LV,1971-11-22,54,45-54
100941,Rihards,Vilsons,M,Riga,SME,2018-12-26,LV,1989-10-16,36,35-44
100942,Karlis,Kreicbergs,F,Ogre,Retail,2024-10-19,LV,1946-09-22,79,65+
100943,Anna,Kalejs,F,Liepaja,Retail,2020-06-04,LV,1947-05-02,78,65+
100944,Dace,Jansons,M,Cesis,Retail,2024-10-28,LV,2004-04-13,21,18-24
100945,Liga,Krastins,M,Ogre,SME,2025-03-04,LV,1996-10-02,29,25-34
100946,Kristaps,Vilsons,M,Jelgava,Retail,2020-06-15,LV,2006-01-07,19,18-24
100947,Roberts,Kalnina,F,Cesis,Corporate,2019-01-12,LV,1998-05-07,27,25-34
100948,Dace,Ozolins,F,Ogre,Retail,2020-02-19,LV,1993-03-25,32,25-34
100949,Laura,Krastins,M,Jurmala,Retail,2017-06-09,LV,2006-05-10,19,18-24
100950,Andris,Sproge,M,Valmiera,Retail,2023-11-13,LV,1990-06-04,35,35-44
100951,Roberts,Berzins,F,Jelgava,Retail,2018-10-05,LV,1947-01-16,78,65+
100952,Anna,Lacis,M,Riga,Retail,2022-01-13,LV,1973-12-14,52,45-54
100953,Ilze,Lacis,M,Ventspils,Retail,2020-02-11,LV,1974-03-05,51,45-54
100954,Liga,Abele,F,Jurmala,Retail,2019-09-06,LV,1971-07-18,54,45-54
100955,Dace,Krastins,M,Ventspils,Retail,2016-01-14,LV,1985-12-08,40,35-44
100956,Aleksandrs,Abele,F,Valmiera,Retail,2024-06-21,LV,1955-09-18,70,65+
100957,Anna,Berzins,M,Ogre,SME,2025-01-24,LV,1976-11-26,49,45-54
100958,Elina,Sproge,M,Daugavpils,Retail,2017-12-24,LV,1993-06-03,32,25-34
100959,Janis,Krastins,F,Riga,Retail,2022-04-08,LV,1953-07-28,72,65+
100960,Dace,Ozolins,F,Valmiera,Retail,2024-06-15,LV,1994-12-02,31,25-34
100961,Aleksandrs,Kreicbergs,M,Ventspils,Retail,2023-06-07,LV,1987-07-01,38,35-44
100962,Andris,Ozolins,F,Jurmala,Retail,2015-10-19,LV,1946-08-03,79,65+
100963,Kristaps,Vilsons,M,Jelgava,Retail,2020-11-10,LV,1946-06-19,79,65+
100964,Elina,Ozolins,M,Jurmala,Retail,2021-06-26,LV,1972-07-19,53,45-54
100965,Rihards,Lacis,F,Jurmala,Retail,2023-12-03,LV,1962-07-23,63,55-64
100966,Kristaps,Vilsons,M,Daugavpils,Retail,2020-06-03,LV,1958-11-14,67,65+
100967,Rihards,Ozolins,M,Daugavpils,Retail,2022-01-30,LV,1958-05-04,67,65+
100968,Anna,Kreicbergs,F,Cesis,Retail,2021-12-11,LV,1975-07-01,50,45-54
100969,Janis,Krastins,F,Cesis,Retail,2017-07-16,LV,1968-06-06,57,55-64
100970,Dace,Kreicbergs,M,Ogre,Retail,2020-02-07,LV,1999-10-15,26,25-34
100971,Dace,Jansons,F,Cesis,Retail,2021-05-28,LV,1941-12-12,84,65+
100972,Ilze,Berzins,F,Liepaja,Retail,2018-02-16,LV,1940-02-14,85,65+
100973,Karlis,Kreicbergs,F,Riga,SME,2024-02-25,LV,1986-02-08,39,35-44
100974,Ilze,Vilsons,F,Liepaja,Retail,2023-01-21,LV,1959-07-19,66,65+
100975,Laura,Kreicbergs,M,Liepaja,Retail,2019-02-06,LV,1950-07-17,75,65+
100976,Anna,Jansons,M,Ventspils,Retail,2018-11-01,LV,1941-02-13,84,65+
100977,Anna,Abele,M,Valmiera,Retail,2020-02-12,LV,2006-05-24,19,18-24
100978,Janis,Vilsons,F,Liepaja,Retail,2017-06-15,LV,1951-06-08,74,65+
100979,Ilze,Jansons,F,Riga,Retail,2022-11-17,LV,1959-06-25,66,65+
100980,Aleksandrs,Lacis,F,Daugavpils,Retail,2015-12-25,LV,1944-03-03,81,65+
100981,Rihards,Eglitis,F,Ogre,Retail,2024-07-26,LV,1976-09-21,49,45-54
100982,Aleksandrs,Eglitis,F,Ventspils,Retail,2022-01-08,LV,1977-02-17,48,45-54
100983,Janis,Kalnina,F,Daugavpils,Retail,2022-02-01,LV,1948-09-07,77,65+
100984,Liga,Ozolins,F,Ventspils,Retail,2024-06-24,LV,1992-06-12,33,25-34
100985,Karlis,Berzins,M,Riga,Retail,2024-01-07,LV,1983-12-27,42,35-44
100986,Aleksandrs,Liepa,M,Jurmala,Retail,2017-04-13,LV,1963-11-27,62,55-64
100987,Maija,Kalejs,F,Jelgava,Retail,2021-08-10,LV,1969-03-08,56,55-64
100988,Laura,Jansons,F,Valmiera,Retail,2019-02-18,LV,1998-02-05,27,25-34
100989,Roberts,Abele,F,Daugavpils,Retail,2019-05-04,LV,1953-05-07,72,65+
100990,Janis,Kalejs,M,Valmiera,Retail,2018-06-17,LV,1948-03-20,77,65+
100991,Janis,Abele,M,Jurmala,Retail,2020-08-14,LV,1979-03-25,46,45-54
100992,Marta,Lacis,F,Jelgava,Retail,2016-05-06,LV,2005-11-03,20,18-24
100993,Rihards,Upenieks,F,Valmiera,Retail,2022-08-26,LV,1964-03-25,61,55-64
100994,Laura,Upenieks,M,Valmiera,Retail,2021-04-24,LV,1961-11-16,64,55-64
100995,Elina,Upenieks,M,Daugavpils,Retail,2016-07-28,LV,1943-08-25,82,65+
100996,Elina,Kalejs,M,Cesis,Retail,2024-02-11,LV,1965-10-25,60,55-64
100997,Maija,Ezerina,M,Jelgava,Retail,2018-03-29,LV,1997-10-15,28,25-34
100998,Ilze,Jansons,F,Jurmala,Retail,2015-11-17,LV,1968-11-19,57,55-64
100999,Laura,Liepa,M,Jelgava,Retail,2019-07-27,LV,1976-11-21,49,45-54
